Row.names;Etmopterus_spinax;Acanthurus_monroviae;Aetomylaeus_bovinus;Aidablennius_sphynx;Anthias_anthias;Aphia_minuta;Apogon_imberbis;Argentina_sphyraena;Arnoglossus_laterna;Atherina_boyeri;Balistes_capriscus;Bathytoshia_lata;Belone_belone;Benthosema_glaciale;Blennius_ocellaris;Boops_boops;Bothus_podas;Buenia_affinis;Callionymus_maculatus;Cepola_macrophthalma;Ceratoscopelus_maderensis;Chauliodus_sloani;Chelon_auratus;Chelon_labrosus;Chelon_ramada;Chlorophthalmus_agassizi;Chromis_chromis;Citharus_linguatula;Conger_conger;Corcyrogobius_liechtensteini;Coris_julis;Coryphaena_hippurus;Crystallogobius_linearis;Ctenolabrus_rupestris;Dactylopterus_volitans;Dasyatis_pastinaca;Dasyatis_tortonesei;Deltentosteus_collonianus;Dicentrarchus_labrax;Diplodus_annularis;Diplodus_cervinus;Diplodus_puntazzo;Diplodus_sargus;Diplodus_vulgaris;Echiichthys_vipera;Encrasicholina_punctifer;Engraulis_encrasicolus;Epinephelus_marginatus;Euthynnus_alletteratus;Gaidropsarus_mediterraneus;Gaidropsarus_vulgaris;Galeus_melastomus;Gammogobius_steinitzi;Gobius_ater;Gobius_bucchichi;Gobius_cobitis;Gobius_cruentatus;Gobius_geniporus;Gobius_niger;Gobius_paganellus;Gobius_xanthocephalus;Gymnammodytes_semisquamatus;Helicolenus_dactylopterus;Hippocampus_hippocampus;Labrus_mixtus;Lampanyctus_crocodilus;Lebetus_guilleti;Lepadogaster_candolii;Lepadogaster_lepadogaster;Lesueurigobius_friesii;Lesueurigobius_suerii;Lipophrys_trigloides;Lithognathus_mormyrus;Lophius_budegassa;Lophius_piscatorius;Macroramphosus_scolopax;Maurolicus_muelleri;Merluccius_merluccius;Micromesistius_poutassou;Millerigobius_macrocephalus;Mobula_mobular;Mola_mola;Mugil_cephalus;Mullus_barbatus;Mullus_surmuletus;Muraena_helena;Mustelus_mustelus;Myctophum_punctatum;Myliobatis_aquila;Nerophis_maculatus;Notoscopelus_elongatus;Oblada_melanura;Odondebuenia_balearica;Oedalechilus_labeo;Pagellus_acarne;Pagellus_bogaraveo;Pagellus_erythrinus;Parablennius_gattorugine;Parablennius_incognitus;Parablennius_pilicornis;Parablennius_rouxi;Pegusa_nasuta;Pomadasys_incisus;Pomatomus_saltatrix;Pomatoschistus_microps;Pomatoschistus_minutus;Prionace_glauca;Pseudaphya_ferreri;Pteroplatytrygon_violacea;Raja_brachyura;Raja_undulata;Rostroraja_alba;Salaria_pavo;Sarda_sarda;Sardina_pilchardus;Sardinella_aurita;Sarpa_salpa;Schedophilus_medusophagus;Sciaena_umbra;Scomber_scombrus;Scorpaena_notata;Scorpaena_porcus;Scorpaena_scrofa;Scyliorhinus_canicula;Scyliorhinus_stellaris;Seriola_dumerili;Serranus_cabrilla;Serranus_hepatus;Serranus_scriba;Solea_senegalensis;Solea_solea;Sparus_aurata;Speleogobius_trigloides;Sphyraena_sphyraena;Sphyraena_viridensis;Spondyliosoma_cantharus;Sprattus_sprattus;Squatina_squatina;Symphodus_bailloni;Symphodus_ocellatus;Symphodus_tinca;Synchiropus_phaeton;Syngnathus_acus;Synodus_saurus;Thalassoma_pavo;Torpedo_marmorata;Trachinotus_ovatus;Trachinus_draco;Trachurus_picturatus;Trichiurus_lepturus;Tripterygion_delaisi;Tripterygion_melanurum;Tripterygion_tripteronotum;Uranoscopus_scaber;Xiphias_gladius;Xyrichtys_novacula;Zebrus_zebrus;Zeus_faber;Zosterisessor_ophiocephalus;Row.names.y;R;FD;LFI;Crypto;DP_B_ratio;CTI;Exo;RedList;Chondri;Trophic;Commercial;High_commerc;PD;Vulner;TopPred;Sharks;fhill;fdis;fric;feve;fnnd;IUCN_noweigths;Not_commerc;fide_PC1;fide_PC2;RedListp;Chondrip;Sharkp;Date;Country;Region;Site;Confinement;protection;protection_reglementation;least_dist_reserve;Time_start;Temporisation;duration;Volume_filtered;latitude_start_DD;longitude_start_DD;latitude_turn_DD;longitude_turn_DD;latitude_end_DD;longitude_end_DD;latitude_start_raw;longitude_start_raw;latitude_turn_raw;longitude_turn_raw;latitude_end_raw;longitude_end_raw;filter;mean_depth_transect;transect;method;depth;projet;Comments;Teleo;Mammifere;pkey;habitat_div;habitat_principal;declin_min;declin_mean;declin_max;cohesion_min;cohesion_mean;cohesion_max;min_bathy;mean_bathy;max_bathy;min_ag;mean_ag;max_ag;min_am;mean_am;max_am;min_aq;mean_aq;max_aq;min_co;mean_co;max_co;min_er;mean_er;max_er;min_in;mean_in;max_in;min_mo_ais;mean_mo_ais;max_mo_ais;min_mo_pp;mean_mo_pp;max_mo_pp;min_pe;mean_pe;max_pe;min_po;mean_po;max_po;min_re;mean_re;max_re;min_to;mean_to;max_to;min_tm;mean_tm;max_tm;dist_land;dist_ports;chloroDay;chloroWeek;chloroMonth;chloroYear;tempDay;tempWeek;tempMonth;tempYear;logport;logland
SPY180625;0;0;0;0;0;0;0;0;0;0;0;0;1;0;0;1;0;0;0;0;0;0;1;1;0;0;1;0;0;0;1;0;0;0;0;0;0;0;1;1;0;1;1;1;0;0;1;1;0;0;0;0;0;0;1;0;0;0;0;0;1;0;0;0;0;0;0;0;1;0;0;1;1;0;0;0;0;0;0;0;0;0;0;1;1;0;0;0;0;0;0;1;0;1;1;0;1;1;1;0;0;0;0;0;0;0;0;0;0;0;0;0;1;1;1;1;1;0;0;0;0;1;0;0;0;0;1;0;0;1;0;1;0;1;0;0;0;0;0;1;1;0;0;1;1;0;0;0;0;0;1;1;1;0;0;0;0;0;0;SPY180625;43;14;31;10;0,76;19,16617486;1;1;0;3,437209302;18;9;18,8334596;46,89076923;0;0;6,320304639;0,422926766;0,125113218;0,649523;0,193844035;1;25;-0,014653479;0,056845692;1;0;0;28/05/2020;France;PACA;calanques;Y;outside;;5;11:46;;00:30;30;43,23289;5,351098;;;43,21793;5,345229;43.23289;5.351098;;;43.21793;5.345229;0,2;6;coastal;surface transect;1;eRef;;;;SPY180625_calanques;7;Association de la matte morte de Posidonia oceanica;0;55,06312617;100;0;50,50589389;100;-24,56847763;-3,165304957;68,04248047;0;0;0;0,567994773;0,76958625;1;0;0;0;0,152082428;0,2765467;0,490091205;0;0,023591277;0,501598001;0;0;0;0;0;0;0;0,299159106;0,934179068;0;0,290977657;0,752401948;0,409770131;0,687467574;1;0;0,006597012;0,095874883;0,016665572;0,287231314;0,752401948;0,00000225;0,002478464;0,004806928;30,30452234;301155,8859;0,158609271;0,178295344;0,177116737;0,381287;18,76501846;18,99833107;17,54965973;17,596312;5,478791356;1,481507443
SPY180629;0;0;0;0;0;0;0;0;0;0;0;0;1;0;0;1;0;0;0;0;0;0;1;0;0;0;1;0;1;0;1;0;0;0;0;0;0;0;1;1;0;1;1;1;0;0;1;0;0;0;0;0;0;1;1;0;0;0;0;0;0;0;0;0;0;0;0;0;0;0;0;1;1;0;0;0;0;0;0;0;0;0;0;1;1;0;0;0;0;0;0;1;0;1;1;1;1;1;1;0;0;1;0;0;0;0;0;0;0;0;0;0;1;1;1;1;1;0;1;0;0;1;0;0;0;0;1;0;1;0;0;1;0;0;0;1;0;0;1;1;1;0;0;0;0;1;0;0;0;0;0;1;1;0;0;0;0;0;0;SPY180629;43;13;32;8;0,692307692;18,60537044;0;2;1;3,476744186;19;9;16,77024978;46,70166667;1;0;7,063291888;0,440973107;0,158213304;0,645012;0,208436754;3;24;-0,019713932;0,050114906;1;1;0;28/05/2020;France;PACA;calanques;Y;outside;;10;09:45;;00:30;30;43,26876;5,366971;;;43,27964;5,350406;43.26876;5.366971;;;43.27964;5.350406;0,2;3,5;coastal;surface transect;1;eRef;;;;SPY180629_calanques;7;Fonds meubles infralittoraux;0;36,46236155;100;0;64,15252806;100;-15,82670403;8,267441272;85,3434906;0;0;0;0,466646999;0,730931026;1;0;0;0;0,387133211;0,546246404;0,761064589;0;0,060073243;0,501598001;0;0,001127795;0,050892577;0;0,00000419;0,000951294;0;0,145056289;0,992235124;0;0,358248275;0,999777615;0,676012337;0,876766335;1;0;0;0;0;0,204144486;0,512565255;0;0,002332087;0,026944365;66,65736222;2727,965406;0,156108752;0,33041656;0,309749186;0,422003;18,98210335;19,01154709;17,7315731;17,534101;3,435838859;1,823848124
SPY181145;0;0;0;0;0;0;0;0;0;0;0;0;1;0;0;1;0;0;0;0;0;0;1;1;0;0;1;0;0;0;1;0;0;0;0;0;0;0;1;1;0;1;1;1;1;0;1;0;0;1;0;0;0;1;1;0;0;0;0;0;0;0;0;0;0;0;0;1;1;0;0;1;1;0;0;0;0;0;0;0;0;0;0;1;1;0;0;0;0;0;0;1;0;1;1;1;0;1;1;0;0;1;0;1;0;0;0;0;0;0;0;0;0;1;1;1;1;0;0;0;0;1;0;0;0;0;0;0;0;1;0;1;0;1;0;0;0;0;1;1;1;0;0;0;0;1;0;0;0;0;0;1;1;0;0;0;1;0;0;SPY181145;45;14;31;10;0,769230769;18,7353791;1;2,5;1;3,453333333;18;10;18,25968158;42,60571429;1;0;6,572856824;0,426020497;0,158830113;0,62849;0,201391789;3;27;-0,021559515;0,044322646;1;1;0;28/05/2020;France;PACA;calanques;Y;outside;;10;10:40;;00:30;30;43,27959;5,349854;;;43,26906;5,366901;43.27959;5.349854;;;43.26906;5.366901;0,2;5;coastal;surface transect;1;eRef;;;;SPY181145_calanques;7;Fonds meubles infralittoraux;0;33,39837022;100;0;65,82778612;100;-15,84482574;8,183792506;86,06668854;0;0;0;0,457490146;0,723202096;1;0;0;0;0,379036605;0,539941637;0,756248772;0;0,058280801;0,501598001;0;0,001225214;0,052472331;0;0,0000046;0,000951294;0;0,156788958;0,992235124;0;0,365478396;0,999860466;0,672324359;0,876028807;1;0;0;0;0;0,197969864;0,501598001;0;0,002875316;0,030258996;45,69740902;1906,635529;0,156108752;0,33041656;0,309749186;0,422003;18,96979332;19,0024147;17,72099495;17,534101;3,280267682;1,659891577
SPY181699;0;0;0;0;0;0;1;0;0;0;0;0;0;0;0;1;0;0;0;0;0;0;1;1;0;0;1;0;1;0;1;0;0;0;0;0;0;0;1;1;0;1;1;1;0;0;1;0;0;0;0;0;0;0;1;0;0;0;0;0;0;0;0;0;0;0;0;1;0;0;0;1;1;0;0;0;0;0;0;0;0;0;0;1;1;1;0;0;0;0;0;1;0;1;0;0;0;1;1;0;0;0;0;0;0;0;0;0;0;0;0;0;0;1;1;1;1;0;0;0;0;1;0;0;0;0;0;0;1;0;0;1;0;0;1;1;0;0;0;1;1;0;0;0;1;0;0;0;0;0;1;0;1;0;0;0;1;0;0;SPY181699;39;11;28;9;0,6;18,67852108;0;0;0;3,407692308;15;9;16,85228971;45,39538462;0;0;6,306724769;0,430797502;0,111375791;0,638836;0,192784921;0;24;-0,015214846;0,062003658;0;0;0;28/05/2020;France;PACA;calanques;Y;reserve;ZNP RIOU / PODESTAT_Coeur marin du Parc National des Calanques;0;15:45;;00:30;30;43,17481;5,3979;;;43,17978;5,376402;43.17481;5.3979;;;43.17978;5.376402;0,2;13;coastal;surface transect;1;eRef;;;;SPY181699_calanques;5;Fonds meubles circalittoraux;0;0;0;0;80,0056679;100;-77,34379578;-26,37395271;0;0;0;0;0;0,046923401;0,243208453;0;0;0;0;0,00766437;0,112850122;0;0;0;0;0;0;0;0;0;0;0,054698716;0,603121221;0;0,063228883;0,704372108;0;0,002918007;0,074611507;0;0,036119115;0,221381485;0;0;0;0,001912954;0,007507742;0,016513282;41,02497843;1460,787749;0,170705602;0,211323604;0,177116737;0,381287;19,1573925;18,61785126;17,1599102;17,596312;3,164587118;1,613048361
SPY181700;0;0;0;0;1;0;0;0;0;0;0;0;1;0;0;1;0;0;0;0;0;0;1;0;0;0;1;0;1;0;1;0;0;0;0;0;0;0;1;1;0;1;1;1;0;0;1;0;0;0;0;0;0;0;0;0;0;0;0;0;0;0;0;0;0;0;0;1;1;0;0;1;1;0;1;0;0;0;0;0;0;0;0;1;1;1;0;0;0;0;0;1;0;1;1;0;1;1;1;1;0;0;0;0;0;0;0;0;0;0;0;0;0;1;1;1;1;0;1;1;0;1;0;0;0;0;1;0;1;0;0;1;0;1;0;0;0;0;0;1;1;0;0;1;1;1;0;0;0;0;1;0;1;0;0;0;1;0;0;SPY181700;47;13;36;9;0,548387097;18,75687211;1;1,5;1;3,529787234;19;10;20,30886298;46,00615385;2;0;6,874362459;0,415745678;0,156604823;0,630307;0,19974035;2;28;-0,005735024;0,043185776;1;1;0;28/05/2020;France;PACA;calanques;Y;outside;;5;11:46;;00:30;30;43,23289;5,351098;;;43,21793;5,345229;43.23289;5.351098;;;43.21793;5.345229;0,2;6;coastal;surface transect;1;eRef;;;;SPY181700_calanques;7;Association de la matte morte de Posidonia oceanica;0;55,06312617;100;0;50,50589389;100;-24,56847763;-3,165304957;68,04248047;0;0;0;0,567994773;0,76958625;1;0;0;0;0,152082428;0,2765467;0,490091205;0;0,023591277;0,501598001;0;0;0;0;0;0;0;0,299159106;0,934179068;0;0,290977657;0,752401948;0,409770131;0,687467574;1;0;0,006597012;0,095874883;0,016665572;0,287231314;0,752401948;0,00000225;0,002478464;0,004806928;30,30452234;1460,787749;0,158609271;0,178295344;0,177116737;0,381287;18,76501846;18,99833107;17,54965973;17,596312;3,164587118;1,481507443
SPY181701;0;0;0;0;0;0;0;0;0;0;0;0;1;0;0;1;0;0;0;0;0;0;1;1;0;0;1;0;1;0;1;0;0;0;0;0;0;0;1;1;0;1;1;1;0;0;0;0;0;0;0;0;0;0;1;0;0;0;0;0;0;0;0;0;0;0;0;1;1;0;0;1;0;0;0;0;0;0;0;0;0;1;0;1;1;0;0;0;0;0;0;1;0;1;1;1;0;1;1;0;0;1;0;0;0;0;0;0;0;0;0;0;0;1;1;1;1;0;1;0;0;0;0;0;0;0;1;0;1;0;0;1;0;1;0;0;0;0;0;1;1;0;0;1;1;0;0;1;0;0;0;1;1;0;0;0;1;0;0;SPY181701;43;13;33;9;0,62962963;19,01509108;0;2;0;3,476744186;16;8;18,37994725;49,9325;0;0;6,271445628;0,417713867;0,118431478;0,650021;0,185491195;3;27;-0,013446508;0,053271857;1;0;0;28/05/2020;France;PACA;calanques;Y;outside;;5;12:31;;00:30;30;43,21777;5,345276;;;43,23263;5,350735;43.21777;5.345276;;;43.23263;5.350735;0,2;6,5;coastal;surface transect;1;eRef;;;;SPY181701_calanques;7;Biocenose de l herbier a Posidonia oceanica;0;55,72320242;100;0;49,91522404;100;-25,12704277;-3,450536876;68,04248047;0;0;0;0,567994773;0,766914802;1;0;0;0;0,152557924;0,272653218;0,486364126;0;0,021301913;0,501598001;0;0;0;0;0;0;0;0,291303275;0,934179068;0;0,293948441;0,752401948;0,409770131;0,683422408;1;0;0,006696583;0,097167514;0,018361339;0,284557566;0,752401948;0,00000225;0,002489298;0,004992778;27,85786668;1529,001256;0,158609271;0,178295344;0,177116737;0,381287;18,76500702;18,99525642;17,54806709;17,596312;3,184407842;1,444947856
SPY181708;0;0;0;0;0;0;0;0;0;0;0;0;1;0;0;1;0;0;0;0;0;0;0;0;0;0;1;0;0;0;1;0;0;0;0;0;0;0;1;1;0;1;1;1;0;0;1;0;0;0;0;0;0;1;1;0;0;0;1;0;1;0;0;0;0;0;0;0;1;0;0;1;1;0;0;0;0;0;0;0;0;0;0;1;1;1;0;0;0;0;0;1;0;1;1;1;1;1;1;1;0;0;0;0;0;0;0;0;0;0;0;0;0;1;1;1;1;0;0;0;0;1;0;0;0;0;1;0;1;1;0;1;0;1;0;0;0;0;0;1;1;0;0;0;1;0;0;0;0;0;1;0;1;0;0;0;1;0;0;SPY181708;44;12;30;12;0,607142857;18,92699704;2;0,5;0;3,443181818;18;9;19,01195983;43,947;0;0;5,580148643;0,414927771;0,087227016;0,591544;0,156596771;1;26;-0,005354302;0,048647313;1;0;0;28/05/2020;France;PACA;calanques;Y;outside;;5;12:31;;00:30;30;43,21777;5,345276;;;43,23263;5,350735;43.21777;5.345276;;;43.23263;5.350735;0,2;6,5;coastal;surface transect;1;eRef;;;;SPY181708_calanques;7;Biocenose de l herbier a Posidonia oceanica;0;55,72320242;100;0;49,91522404;100;-25,12704277;-3,450536876;68,04248047;0;0;0;0,567994773;0,766914802;1;0;0;0;0,152557924;0,272653218;0,486364126;0;0,021301913;0,501598001;0;0;0;0;0;0;0;0,291303275;0,934179068;0;0,293948441;0,752401948;0,409770131;0,683422408;1;0;0,006696583;0,097167514;0,018361339;0,284557566;0,752401948;0,00000225;0,002489298;0,004992778;27,85786668;670,8639522;0,158609271;0,178295344;0,177116737;0,381287;18,76500702;18,99525642;17,54806709;17,596312;2,826634456;1,444947856
SPY181824;0;0;0;0;0;0;0;0;0;0;0;0;0;0;0;1;0;0;0;0;0;0;1;1;0;0;1;0;1;0;1;0;0;0;0;0;0;0;1;1;0;1;1;1;0;0;1;0;0;0;0;0;0;0;1;0;0;0;0;0;0;0;0;0;0;0;0;0;0;0;0;1;0;0;0;0;0;0;0;0;0;1;0;1;1;1;0;0;0;0;0;1;0;1;0;1;0;1;1;0;0;0;0;0;0;0;0;0;0;0;0;0;0;0;1;1;1;0;1;0;0;0;0;0;0;0;1;0;1;0;0;1;0;0;1;1;0;0;0;1;1;0;0;0;1;0;0;0;0;0;1;1;1;0;0;0;1;0;0;SPY181824;39;11;29;8;0,666666667;18,78386844;0;2;0;3,412820513;15;8;16,05481766;47,92166667;0;0;6,455549077;0,438244161;0,121814166;0,663917;0,209169326;3;24;-0,019873252;0,060251471;1;0;0;28/05/2020;France;PACA;calanques;Y;reserve;ZNP RIOU / PODESTAT_Coeur marin du Parc National des Calanques;0;14:59;;00:30;30;43,1799;5,37238;;;43,17684;5,394168;43.1799;5.37238;;;43.17684;5.394168;0,2;12;coastal;surface transect;1;eRef;;;;SPY181824_calanques;5;Fonds meubles circalittoraux;0;0;0;0;78,00130396;100;-49,92733383;-23,78655253;0;0;0;0;0;0,04935842;0,243208453;0;0;0;0;0,007870357;0,112850122;0;0;0;0;0;0;0;0;0;0;0,05632506;0,603121221;0;0,027312602;0,699432373;0;0,002995494;0,074611507;0;0,035986184;0,205862343;0;0;0;0,001912954;0,007863292;0,016481902;67,44495301;1567,51698;0,170705602;0,211323604;0,177116737;0,381287;19,30205727;18,62190819;17,17474174;17,596312;3,195212254;1,828949456
SPY181828;0;0;0;0;0;0;1;0;0;0;0;0;1;0;0;1;0;0;0;0;0;0;1;1;0;0;1;0;0;0;1;0;0;0;0;0;0;0;1;1;0;1;1;1;0;0;1;0;0;0;0;0;0;0;1;0;0;0;0;0;0;0;0;0;0;0;0;0;0;0;0;1;0;0;0;0;0;0;0;0;0;0;0;1;1;1;0;0;0;0;0;1;0;1;1;0;0;1;1;0;0;0;0;0;0;0;0;0;0;0;0;0;0;0;1;1;1;0;1;0;0;0;0;0;0;0;0;0;1;0;0;1;0;0;1;0;0;0;0;1;1;0;0;1;1;0;0;0;0;0;0;1;1;0;1;0;1;0;0;SPY181828;38;11;28;8;0,695652174;19,09668999;0;0,5;0;3,463157895;15;8;17,34136682;42,54923077;0;0;6,059379472;0,427052069;0,113668277;0,678814;0,204916254;1;23;-0,025881882;0,060276391;1;0;0;28/05/2020;France;PACA;calanques;Y;reserve;ZNP RIOU / PODESTAT_Coeur marin du Parc National des Calanques;0;14:59;;00:30;30;43,1799;5,37238;;;43,17684;5,394168;43.1799;5.37238;;;43.17684;5.394168;0,2;12;coastal;surface transect;1;eRef;;;;SPY181828_calanques;5;Fonds meubles circalittoraux;0;0;0;0;78,00130396;100;-49,92733383;-23,78655253;0;0;0;0;0;0,04935842;0,243208453;0;0;0;0;0,007870357;0,112850122;0;0;0;0;0;0;0;0;0;0;0,05632506;0,603121221;0;0,027312602;0,699432373;0;0,002995494;0,074611507;0;0,035986184;0,205862343;0;0;0;0,001912954;0,007863292;0,016481902;67,44495301;165,9539829;0,170705602;0,211323604;0,177116737;0,381287;19,30205727;18,62190819;17,17474174;17,596312;2,21998768;1,828949456
SPY190597;0;0;0;0;0;0;0;0;0;0;0;0;1;0;0;1;0;0;0;0;0;0;1;1;1;0;1;0;0;0;1;0;0;0;0;0;0;0;1;1;0;1;1;1;0;0;1;0;0;0;0;0;0;0;1;0;1;0;0;0;1;0;0;0;0;0;0;1;1;0;0;1;1;0;0;0;0;0;0;0;0;0;0;0;1;1;0;0;0;0;0;1;0;1;1;1;0;1;1;0;0;0;0;0;0;0;0;0;0;0;0;0;0;0;1;1;1;0;1;0;0;1;0;0;0;0;0;0;1;0;0;1;0;0;0;1;0;0;1;1;1;0;0;0;0;0;0;0;0;0;0;1;1;0;0;0;0;0;0;SPY190597;41;12;28;10;0,75;18,36875743;0;1;0;3,358536585;16;7;16,49235951;45,49769231;0;0;5,727019227;0,435679168;0,107701943;0,619296;0,176556105;2;25;-0,023271569;0,065097281;1;0;0;28/05/2020;France;PACA;calanques;Y;outside;;10;09:45;;00:30;30;43,26876;5,366971;;;43,27964;5,350406;43.26876;5.366971;;;43.27964;5.350406;0,2;3,5;coastal;surface transect;1;eRef;;;;SPY190597_calanques;7;Fonds meubles infralittoraux;0;36,46236155;100;0;64,15252806;100;-15,82670403;8,267441272;85,3434906;0;0;0;0,466646999;0,730931026;1;0;0;0;0,387133211;0,546246404;0,761064589;0;0,060073243;0,501598001;0;0,001127795;0,050892577;0;0,00000419;0,000951294;0;0,145056289;0,992235124;0;0,358248275;0,999777615;0,676012337;0,876766335;1;0;0;0;0;0,204144486;0,512565255;0;0,002332087;0,026944365;66,65736222;4680,015227;0,156108752;0,33041656;0,309749186;0,422003;18,98210335;19,01154709;17,7315731;17,534101;3,670247266;1,823848124
SPY192300;0;0;0;0;0;0;0;0;0;0;0;0;0;0;0;0;0;0;0;0;0;0;0;0;0;0;0;0;0;0;0;0;0;0;0;0;0;0;1;0;0;1;0;0;0;0;0;0;0;0;0;0;0;0;1;0;0;0;0;0;0;0;0;0;0;0;0;1;1;0;0;0;1;0;0;0;0;0;0;0;0;0;0;0;0;0;0;0;0;0;0;0;0;0;1;0;1;0;0;0;0;1;0;0;0;0;0;0;0;0;0;0;0;0;0;0;0;0;0;0;0;0;0;0;0;0;0;0;0;1;0;0;0;0;0;0;0;0;0;0;0;0;0;0;0;0;0;0;0;0;0;1;0;0;0;0;0;0;0;SPY192300;11;4;7;4;0,5;19,03440154;1;0;0;3,345454545;5;1;7,237350573;51,505;0;0;3,697366556;0,401894032;0,011390514;0,657047;0,357163446;0;6;0,009147552;0,022400596;0;0;0;28/05/2020;France;PACA;calanques;Y;outside;;10;10:40;;00:30;30;43,27959;5,349854;;;43,26906;5,366901;43.27959;5.349854;;;43.26906;5.366901;0,2;5;coastal;surface transect;1;eRef;;;;SPY192300_calanques;7;Fonds meubles infralittoraux;0;33,39837022;100;0;65,82778612;100;-15,84482574;8,183792506;86,06668854;0;0;0;0,457490146;0,723202096;1;0;0;0;0,379036605;0,539941637;0,756248772;0;0,058280801;0,501598001;0;0,001225214;0,052472331;0;0,0000046;0,000951294;0;0,156788958;0,992235124;0;0,365478396;0,999860466;0,672324359;0,876028807;1;0;0;0;0;0,197969864;0,501598001;0;0,002875316;0,030258996;45,69740902;1971,81955;0,156108752;0,33041656;0,309749186;0,422003;18,96979332;19,0024147;17,72099495;17,534101;3,294867168;1,659891577
SPY192310;0;0;0;0;0;0;0;0;0;0;0;0;1;0;0;1;0;0;0;0;0;0;0;1;0;0;1;0;0;1;1;0;0;0;0;0;0;0;1;1;0;1;1;1;0;0;1;0;0;0;0;0;0;0;1;0;0;0;0;0;0;0;0;0;0;0;0;1;0;0;0;1;0;0;0;0;0;0;0;0;0;0;0;1;1;1;0;0;0;0;0;1;0;1;0;0;0;1;1;0;0;0;0;0;0;0;0;0;0;0;0;0;0;1;1;1;1;0;1;0;0;0;0;0;0;0;0;0;1;0;0;1;0;0;1;0;0;0;0;1;1;0;0;0;0;0;0;0;0;0;1;1;1;0;0;0;0;0;0;SPY192310;35;11;24;9;0,636363636;18,60720746;0;0,5;0;3,408571429;14;9;15,11794896;42,745;0;0;5,664091408;0,420525176;0,071547561;0,63022;0,166636787;1;21;-0,021357952;0,060645522;1;0;0;28/05/2020;France;PACA;calanques;Y;reserve;ZNP RIOU / PODESTAT_Coeur marin du Parc National des Calanques;0;15:45;;00:30;30;43,17481;5,3979;;;43,17978;5,376402;43.17481;5.3979;;;43.17978;5.376402;0,2;13;coastal;surface transect;1;eRef;;;;SPY192310_calanques;5;Fonds meubles circalittoraux;0;0;0;0;80,0056679;100;-77,34379578;-26,37395271;0;0;0;0;0;0,046923401;0,243208453;0;0;0;0;0,00766437;0,112850122;0;0;0;0;0;0;0;0;0;0;0,054698716;0,603121221;0;0,063228883;0,704372108;0;0,002918007;0,074611507;0;0,036119115;0,221381485;0;0;0;0,001912954;0,007507742;0,016513282;41,02497843;360,3585154;0,170705602;0,211323604;0,177116737;0,381287;19,1573925;18,61785126;17,1599102;17,596312;2,556734789;1,613048361
SPY200455;0;0;1;0;1;0;0;0;0;0;0;0;1;0;0;1;0;0;0;0;0;0;0;1;0;0;1;0;1;0;1;0;0;1;0;0;0;0;1;1;0;1;1;1;0;0;1;0;0;1;0;0;0;0;1;0;0;0;0;0;0;0;0;0;0;0;0;1;1;0;0;1;0;0;0;0;0;0;0;0;0;1;0;1;1;1;0;0;0;0;0;1;0;1;0;0;1;1;1;1;0;0;0;0;0;0;0;0;0;0;0;0;0;0;1;0;1;0;0;0;0;1;0;0;0;0;1;0;1;0;0;1;0;0;0;1;0;0;1;0;1;0;0;0;0;0;0;0;0;0;1;1;1;0;0;0;1;0;0;SPY200455;43;14;29;11;0,517241379;18,01331619;1;4;1;3,406976744;13;7;18,84991788;46,4825;0;0;6,74686758;0,421642639;0,131235348;0,673045;0,217758916;2;30;0,001718054;0,045833879;1;1;0;20/05/2020;Espagne;;banyuls;Y;outside;;2,5;11:23;;00:30;30;42,43477;3,175341;42,44011;3,177917;42,43387;3,175246;42.43477;3.175341;42,44011;3,177917;42.43387;3.175246;0,2;11,5;coastal;surface transect;1;eRef;;;;SPY200455_banyuls;7;Fonds meubles circalittoraux;100;100;100;0;0;0;-49,98130035;-22,69753792;18,69162178;0;0,030147994;0,25756532;0;0,076654861;0,695536554;0;0;0;0;0;0;0;0,101746923;1;0;0;0;0;0;0;0;0;0;0;0,096323523;0,186294481;0;0,030510044;0,447226822;0;0;0;0;0,05453068;0,598127902;0,000180735;0,003622359;0,005495585;137,4267817;1720,711058;0,385623902;0,724028289;0,804626822;0,171359;17,80687904;17,39238548;16,21323586;16,964586;3,23570795;2,138071376
SPY200456;0;0;0;0;0;0;0;0;0;0;0;0;0;0;0;1;0;0;0;0;0;0;0;1;0;0;1;0;0;0;1;0;0;0;0;0;1;0;1;1;0;1;1;1;0;0;1;1;0;1;0;0;0;1;1;0;0;0;1;0;0;1;0;0;0;0;0;1;1;0;0;1;0;0;0;0;0;0;0;0;0;1;1;0;1;1;0;0;0;0;0;1;0;1;1;1;1;1;1;1;0;0;0;0;0;0;0;0;0;0;0;0;0;0;1;1;1;0;0;1;0;1;1;0;0;0;1;0;1;0;0;1;0;0;1;1;1;0;0;1;1;0;0;0;0;0;0;0;0;0;1;1;1;0;0;0;0;0;0;SPY200456;49;13;34;12;0,785714286;18,50929551;2;2,5;1;3,416326531;18;8;19,44011379;46,99384615;0;0;6,495444543;0,439993941;0,128482276;0,60585;0,172000032;3;31;-0,03011734;0,049413035;1;1;0;20/05/2020;France;Occitanie;banyuls;Y;reserve;Reserve naturelle Cerbere-Banyuls;0;14:16;;00:30;30;42,46163;3,161677;42,4682;3,1595;42,4625;3,160668;42.46163;3.161677;42,4682;3,1595;42.4625;3.160668;0,2;7;coastal;surface transect;1;eRef;;;;SPY200456_banyuls;7;Biocenose des algues infralittorales;0;77,45238095;100;0;8,935613857;45,21547201;-30,21104431;-2,862385833;65,03775787;0,327646494;0,589420189;1;0;0,024944172;0,182063103;0;0;0;0;0;0;0;0,127422003;1;0;0;0;0;0;0;0;0,003884486;0,137567267;0;0,381405426;0,725902498;0;0,164631159;0,501598001;0;0,075425966;0,972249985;0;0,221150231;0,752401948;0,0000591;0,003809978;0,008552911;166,4592484;3647,074809;0,385623902;0,727460504;0,953467607;0,1726005;17,63829803;17,1294117;16,02403831;16,959232;3,561944672;2,221307929
SPY200457;0;0;0;0;0;0;0;0;0;0;0;0;0;0;0;1;0;0;0;0;0;0;1;1;1;0;1;0;1;0;0;0;0;0;0;0;0;0;1;0;0;1;1;1;0;0;1;0;0;0;0;0;0;0;1;0;0;0;0;0;0;0;0;0;0;0;0;1;1;0;0;1;0;1;0;0;0;0;0;0;0;0;0;0;0;0;0;0;1;0;0;1;0;1;0;0;0;0;1;0;0;0;0;0;0;0;0;0;0;0;0;0;0;1;1;1;1;0;1;0;0;1;0;0;0;0;0;0;1;0;0;1;0;0;0;0;0;0;1;1;1;0;0;0;0;0;0;0;0;0;0;1;1;0;0;0;1;0;0;SPY200457;34;12;22;8;0,842105263;18,62054758;0;3,5;1;3,352941176;13;8;14,47306419;51,18;0;0;7,11677399;0,454602249;0,156696105;0,637388;0,225680738;2;21;-0,019119116;0,054772341;1;1;0;27/05/2020;France;PACA;carry;Y;outside;;10;08:17;;00:30;30;43,347223;5,274436;43,356891;5,288747;43,355974;5,288195;43.347223;5.274436;43,356891;5,288747;43.355974;5.288195;0,2;7;coastal;surface transect;1;eRef;;;;SPY200457_carry;8;Biocenose de l herbier a Posidonia oceanica;0;28,66213206;100;0;72,14118009;100;-34,57947922;9,999488443;106,9550629;0;0;0;0,26884988;0,646547733;1;0;0;0;0;0,00726224;0,090583555;0;0,087947902;1;0;0;0;0;0,005748519;0,237138495;0;0;0;0;0,139858186;0,730710804;0,150862962;0,587297914;1;0;0;0;0;0,061191634;0,501598001;0,00000182;0,002141431;0,010791406;54,99094147;3647,074809;0,117621787;0,255358368;0,284492582;0,55059;17,46571922;17,94506454;16,9944725;17,449556;3,561944672;1,740291155
SPY200458;0;0;0;0;0;0;0;0;0;0;0;0;1;0;0;1;0;0;0;0;0;1;0;0;0;0;1;0;0;0;1;0;0;0;0;0;0;0;1;1;0;0;1;1;0;0;0;0;0;1;0;0;0;0;0;0;0;0;0;0;0;0;0;0;0;0;0;0;0;0;0;0;0;0;0;0;0;0;0;0;0;0;0;0;0;0;0;0;0;0;0;1;0;0;0;0;0;0;1;0;0;0;0;0;0;0;0;0;0;0;0;0;0;0;1;1;1;0;0;0;1;0;0;0;0;0;0;0;0;0;0;1;0;0;0;0;0;0;0;1;1;0;0;0;0;0;0;0;0;0;1;0;1;0;0;0;1;0;0;SPY200458;22;8;15;4;0,769230769;19,03323957;0;0;0;3,395454545;8;5;12,184884;45,073;0;0;6,207888123;0,450637734;0,075768862;0,64756;0,234549304;0;14;-0,035426923;0,053728;0;0;0;20/05/2020;France;PACA;embiez;Y;outside;;;11:01;;00:29;30;43,073544;5,775593;43,08357;5,779785;43,077945;5,775914;43.073544;5.775593;43,08357;5,779785;43.077945;5.775914;0,2;8;coastal;surface transect;1;eRef;;;;SPY200458_embiez;8;Biocenose de l herbier a Posidonia oceanica;0;1,187376726;93,33333333;0;91,63061194;100;-40,0733223;-9,341926907;1,025675058;0,426596642;0,766582125;1;0;0,378499594;1;0;0;0;0;0,011077458;0,067719005;0;0,171246779;1;0;0;0;0;6,78E-08;0,000152207;0;0,324303722;1;0;0,303201759;0,733033836;0,205200538;0,475913334;0,811227858;0;0,01523267;0,090638936;0;0,087715334;0,332615256;0,000185928;0,067375631;0,244874641;189,7041481;3525,356992;0,211323842;0,200108573;0,211714029;0,1402535;18,26643562;17,32126045;16,27411079;17,854264;3,547203102;2,278076827
SPY200459;0;0;0;0;0;0;1;0;0;0;0;0;0;0;0;1;0;0;0;0;0;0;1;1;0;0;1;0;1;0;1;0;0;0;0;0;0;0;1;1;0;0;1;1;0;0;1;0;0;0;0;0;0;0;0;0;0;0;1;0;0;0;0;0;0;0;0;1;0;0;0;1;0;0;0;0;0;0;0;0;0;1;0;1;0;0;0;0;0;0;0;1;0;1;0;0;0;0;1;1;0;0;0;0;0;0;0;0;0;0;0;0;0;1;1;1;1;0;1;0;0;1;0;0;0;0;1;1;1;0;0;1;0;0;1;1;0;0;0;1;1;0;0;0;1;0;0;0;0;0;1;0;1;1;0;0;0;0;0;SPY200459;39;12;28;8;0,666666667;19,06992426;1;1,5;0;3,435897436;14;8;16,81028904;46,35583333;0;0;6,437184898;0,430159848;0,099720649;0,629488;0,169970561;2;25;-0,008807292;0,056000344;1;0;0;20/05/2020;France;PACA;embiez;Y;outside;;;13:23;;00:30;30;43,082224;5,766902;43,078299;5,756816;43,079137;5,765199;43.082224;5.766902;43,078299;5,756816;43.079137;5.765199;0,2;12;coastal;surface transect;1;eRef;;;;SPY200459_embiez;5;Biocenose de l herbier a Posidonia oceanica;0;0;0;0;91,2699193;100;-40,4197464;-17,24380677;0;0,099102974;0,465075714;0,870191872;0;0,105474386;0,414130121;0;0;0;0;0,004243436;0,067202382;0;0,007727388;0,111899212;0;0;0;0;0;0;0;0,038254275;0,452904284;0;0,338204824;0,723659813;0;0,218623416;0,500877142;0;0,006046962;0,081695214;0;0,013580495;0,128878698;0,010401379;0,056959514;0,143456191;339,1038516;3525,356992;0,211323842;0,19978857;0,210960716;0,1402535;18,23662186;17,40682411;16,22661781;17,854264;3,547203102;2,530332723
SPY200460;0;0;0;0;0;0;0;0;0;0;0;0;1;0;0;1;0;0;0;0;0;0;1;1;0;0;1;0;1;0;1;0;0;0;0;0;0;0;1;1;0;1;1;1;0;0;0;0;1;0;0;0;0;0;1;0;0;0;1;0;0;0;0;0;0;0;0;1;1;0;0;1;0;0;0;0;0;0;0;0;0;0;0;0;0;1;0;0;0;0;0;1;0;1;0;0;1;0;1;1;0;0;0;0;0;0;0;0;0;0;0;0;0;0;1;0;1;0;0;0;1;0;0;0;0;0;0;0;1;0;0;1;0;0;0;0;1;0;0;0;1;0;0;0;0;0;0;0;0;0;1;0;1;0;0;0;0;0;0;SPY200460;33;10;21;9;0,7;18,60444632;1;0;0;3,378787879;10;4;15,17793204;50,47384615;0;0;6,736465327;0,440893462;0,10844417;0,637564;0,214957293;0;23;-0,011465269;0,065471249;0;0;0;20/05/2020;Espagne;;banyuls;Y;outside;;2,5;11:33;;00:30;30;42,43501;3,175627;42,44181;3,176191;42,43482;3,17532;42.43501;3.175627;42,44181;3,176191;42.43482;3.17532;0,2;13;coastal;surface transect;1;eRef;;;;SPY200460_banyuls;7;Fonds meubles infralittoraux;80;97,14285714;100;0;3,828543144;26,79980201;-44,04585266;-21,48998597;15,99952984;0;0,039302889;0,259988517;0;0,134039669;0,851778626;0;0;0;0;0;0;0;0,088192556;1;0;0;0;0;0;0;0;0;0;0;0,094146816;0,186457723;0;0,05779283;0,501598001;0;0;0;0;0,090256157;0,752401948;0,000180735;0,003536814;0,005495585;112,5611275;4294,465383;0,385623902;0,724028289;0,953467607;0,171359;17,79255867;17,36282349;16,19348907;16,964586;3,632909106;2,051388435
SPY200461;0;0;0;0;0;0;0;0;0;0;0;0;0;0;0;1;0;0;0;0;0;0;0;0;0;0;1;0;0;0;0;0;0;0;0;0;0;0;1;1;0;0;1;1;0;0;0;0;0;0;0;0;0;0;0;0;0;0;0;0;0;0;0;0;0;0;0;0;1;0;0;0;0;0;0;0;0;0;0;0;0;0;0;0;0;0;0;0;0;0;0;1;0;0;0;0;0;0;1;0;0;0;0;0;0;0;0;0;0;0;0;0;0;0;1;1;1;0;0;0;0;0;0;0;0;0;0;0;0;0;0;1;0;0;0;0;0;0;0;0;1;0;0;0;0;0;0;0;0;0;0;0;1;0;0;0;0;0;0;SPY200461;15;7;11;3;1;19,30825645;0;0;0;3,26;8;5;7,526158987;48,92333333;0;0;5,500000748;0,440272915;0,038594602;0,732922;0,298812111;0;7;-0,057499208;0,068496269;0;0;0;27/05/2020;France;PACA;carry;Y;outside;;10;08:17;;00:30;30;43,347223;5,274436;43,356891;5,288747;43,355974;5,288195;43.347223;5.274436;43,356891;5,288747;43.355974;5.288195;0,2;7;coastal;surface transect;1;eRef;;;;SPY200461_carry;8;Biocenose de l herbier a Posidonia oceanica;0;28,66213206;100;0;72,14118009;100;-34,57947922;9,999488443;106,9550629;0;0;0;0,26884988;0,646547733;1;0;0;0;0;0,00726224;0,090583555;0;0,087947902;1;0;0;0;0;0,005748519;0,237138495;0;0;0;0;0,139858186;0,730710804;0,150862962;0,587297914;1;0;0;0;0;0,061191634;0,501598001;0,00000182;0,002141431;0,010791406;54,99094147;4294,465383;0,117621787;0,255358368;0,284492582;0,55059;17,46571922;17,94506454;16,9944725;17,449556;3,632909106;1,740291155
SPY200463;0;0;0;0;0;0;0;0;0;0;0;0;1;0;0;1;0;0;0;0;0;0;1;0;0;0;1;0;0;0;1;0;0;0;0;0;0;0;1;1;0;1;1;1;0;0;1;0;0;0;0;0;0;0;1;0;0;0;0;0;0;0;0;0;0;1;0;0;0;0;0;1;0;0;0;0;0;0;0;0;0;0;0;0;0;1;0;0;0;0;0;1;0;1;0;0;0;0;1;0;0;0;0;0;0;0;0;0;0;0;0;0;0;1;1;1;1;0;0;0;0;0;0;0;0;0;0;0;1;0;0;1;0;0;1;0;0;0;0;1;1;0;0;0;0;1;0;0;0;0;1;1;1;0;0;0;0;0;0;SPY200463;31;11;22;6;0,882352941;18,6971456;0;1;1;3,461290323;11;7;14,815716;43,14454545;1;0;7,184984423;0,463132995;0,138991376;0,665827;0,250316013;1;20;-0,027206903;0,054160113;1;1;0;20/05/2020;France;PACA;embiez;Y;outside;;;10:08;;00:30;30;43,073348;5,775575;43,083523;5,779977;43,081406;5,77629;43.073348;5.775575;43,083523;5,779977;43.081406;5.77629;0,2;9;coastal;surface transect;1;eRef;;;;SPY200463_embiez;8;Biocenose de l herbier a Posidonia oceanica;0;1,194444444;93,33333333;0;91,59515688;100;-41,32678986;-9,498848421;1,165063381;0,419960022;0,765204475;1;0;0,378015727;1;0;0;0;0;0,011024394;0,067719005;0;0,174381328;1;0;0;0;0;6,72E-08;0,000152207;0;0,3222867;1;0;0,301286274;0,733033836;0,199992448;0,477432748;0,811227858;0;0,015202347;0,090638936;0;0,088614391;0,332615256;0,000185928;0,068486438;0,245199829;204,0656461;4955,955861;0,211323842;0,200108573;0,211598709;0,1402535;18,2655735;17,3212738;16,27169228;17,854264;3,69512743;2,309769899
SPY200464;0;0;0;0;0;0;0;0;0;0;0;0;0;0;0;1;0;0;0;0;0;0;0;0;0;0;1;0;0;0;1;0;0;0;0;0;0;0;1;1;0;1;1;1;0;0;0;0;0;0;0;0;0;0;1;0;0;0;0;0;0;0;0;0;0;0;0;1;0;0;0;1;0;0;0;0;0;0;0;0;0;1;0;0;1;0;0;0;0;0;0;1;0;1;0;0;0;0;1;0;0;0;0;0;0;0;0;0;0;0;0;0;0;1;1;1;1;0;0;0;0;0;0;0;0;0;0;0;1;0;0;1;0;0;1;0;0;0;0;1;1;0;0;0;0;1;0;0;0;0;0;0;1;1;0;0;0;0;0;SPY200464;28;11;21;5;0,705882353;19,10555477;0;2;1;3,475;12;7;12,90849236;45,7425;1;0;6,821814494;0,450343908;0,115805788;0,726881;0,27527938;2;16;-0,02576018;0,054314627;1;1;0;20/05/2020;France;PACA;embiez;Y;outside;;;10:08;;00:30;30;43,073348;5,775575;43,083523;5,779977;43,081406;5,77629;43.073348;5.775575;43,083523;5,779977;43.081406;5.77629;0,2;9;coastal;surface transect;1;eRef;;;;SPY200464_embiez;8;Biocenose de l herbier a Posidonia oceanica;0;1,194444444;93,33333333;0;91,59515688;100;-41,32678986;-9,498848421;1,165063381;0,419960022;0,765204475;1;0;0,378015727;1;0;0;0;0;0,011024394;0,067719005;0;0,174381328;1;0;0;0;0;6,72E-08;0,000152207;0;0,3222867;1;0;0,301286274;0,733033836;0,199992448;0,477432748;0,811227858;0;0,015202347;0,090638936;0;0,088614391;0,332615256;0,000185928;0,068486438;0,245199829;204,0656461;4258,823371;0,211323842;0,200108573;0,211598709;0,1402535;18,2655735;17,3212738;16,27169228;17,854264;3,629289629;2,309769899
SPY200465;0;0;0;0;0;0;0;0;0;0;0;0;1;0;0;1;0;0;0;0;0;0;0;1;1;0;1;0;1;0;1;0;0;0;0;0;1;0;1;1;1;1;1;1;0;0;1;1;0;1;0;0;0;1;1;0;0;1;1;0;0;0;0;0;0;0;0;1;1;0;0;1;0;0;0;0;0;0;0;0;0;0;1;0;1;1;0;0;0;0;0;1;0;1;1;1;0;1;1;0;0;0;0;0;0;0;0;0;0;0;0;0;0;0;1;1;1;0;1;0;0;1;0;0;0;0;1;0;1;0;0;1;0;0;0;1;0;0;0;1;1;0;0;0;0;0;0;0;0;0;1;1;1;0;0;0;0;0;0;SPY200465;47;14;33;12;0,6;18,62660784;0;2;1;3,404255319;16;7;18,81458326;50,20823529;0;0;6,929724326;0,434729248;0,123674773;0,621256;0,172243443;3;31;-0,019010422;0,055722639;1;1;0;20/05/2020;France;Occitanie;banyuls;Y;reserve;Reserve naturelle Cerbere-Banyuls;0;14:16;;00:30;30;42,46163;3,161677;42,4682;3,1595;42,4625;3,160668;42.46163;3.161677;42,4682;3,1595;42.4625;3.160668;0,2;7;coastal;surface transect;1;eRef;;;;SPY200465_banyuls;7;Biocenose des algues infralittorales;0;77,45238095;100;0;8,935613857;45,21547201;-30,21104431;-2,862385833;65,03775787;0,327646494;0,589420189;1;0;0,024944172;0,182063103;0;0;0;0;0;0;0;0,127422003;1;0;0;0;0;0;0;0;0,003884486;0,137567267;0;0,381405426;0,725902498;0;0,164631159;0,501598001;0;0,075425966;0,972249985;0;0,221150231;0,752401948;0,0000591;0,003809978;0,008552911;166,4592484;4258,823371;0,385623902;0,727460504;0,953467607;0,1726005;17,63829803;17,1294117;16,02403831;16,959232;3,629289629;2,221307929
SPY200466;0;0;0;0;0;0;0;0;0;0;0;0;1;0;0;1;0;0;0;0;0;0;0;1;0;0;1;0;0;0;1;0;0;0;0;0;0;0;1;0;0;1;1;1;0;0;1;0;0;0;0;0;0;0;0;0;0;0;1;0;0;0;1;0;0;0;0;0;0;0;0;1;0;0;0;0;0;0;0;0;0;0;0;1;1;1;0;0;0;0;0;1;0;1;0;0;1;0;1;0;0;0;0;0;0;0;0;0;0;0;0;0;0;1;1;1;1;0;0;0;0;1;0;0;0;0;0;0;0;0;0;1;0;0;0;0;0;0;0;1;1;0;0;0;0;0;0;0;0;0;1;0;1;0;0;0;0;0;0;SPY200466;30;11;22;5;0,823529412;18,71144677;0;0;0;3,396666667;14;9;14,84091961;47,598;0;0;5,832012207;0,426286624;0,068613372;0,693657;0,20010934;0;16;-0,03986119;0,063199644;0;0;0;27/05/2020;France;PACA;carry;Y;outside;;5;09:58;;00:30;30;43,332473;5,243809;;;43,328706;5,227349;43.332473;5.243809;;;43.328706;5.227349;0,2;12;coastal;surface transect;1;eRef;;;;SPY200466_carry;7;Fonds meubles circalittoraux;0;4,166666667;50;0;56,65728838;94,84642559;-59,49953842;-19,19766431;53,39557266;0;0;0;0;0,069837123;0,733326793;0;0;0;0;0,002056454;0,071695797;0;0;0;0;0;0;0;0;0;0;0,093192261;1;0;0,350127432;0,731296599;0;0,046746771;0,65880537;0;0,0000704;0,064113766;0;0,005428923;0,229556262;0,003848691;0,009674807;0,013097337;23,71185892;2371,38442;0,117621787;0,185393646;0,222910553;0,576291;17,50626755;18,00767517;16,96294403;17,469687;3,375001962;1,374965602
SPY200467;0;0;0;0;0;0;0;0;0;0;0;0;1;0;0;1;0;0;0;0;0;0;0;0;0;0;1;0;1;0;1;0;0;0;0;0;0;0;1;1;0;1;1;1;0;0;1;0;0;0;0;0;0;0;0;0;0;0;0;0;0;0;0;0;0;0;0;1;1;0;0;1;0;0;0;0;0;0;0;0;0;0;0;0;1;1;0;0;0;0;0;1;1;1;1;0;1;1;1;1;0;0;0;0;0;0;0;0;0;0;0;0;0;0;1;1;1;0;0;1;0;0;0;0;0;0;0;0;0;0;0;1;0;0;0;0;0;0;1;0;1;0;0;0;1;0;0;0;0;0;0;1;1;0;0;0;0;0;0;SPY200467;34;11;23;9;0,75;18,54479089;1;0;0;3,402941176;14;8;14,47204879;47,75454545;0;0;5,658977783;0,425400432;0,079465865;0,645502;0,207406452;0;20;-0,026237309;0,05159117;0;0;0;27/05/2020;France;PACA;carry;Y;outside;;5;10:46;;00:30;30;43,33248;5,243678;;;43,328725;5,228423;43.33248;5.243678;;;43.328725;5.228423;0,2;12;coastal;surface transect;1;eRef;;;;SPY200467_carry;7;Fonds meubles circalittoraux;0;4,385964912;50;0;58,22873503;94,84642559;-59,28116226;-19,97398183;53,39557266;0;0;0;0;0,064304019;0,641069055;0;0;0;0;0,002057809;0,071695797;0;0;0;0;0;0;0;0;0;0;0,093814634;1;0;0,350184971;0,730296552;0;0,042370509;0,571264267;0;0,0000725;0,064113766;0;0,005546401;0,229556262;0,003848691;0,009711175;0,013097337;16,98791646;2371,38442;0,117621787;0,185393646;0,222910553;0,576291;17,50584221;18,00601387;16,96215248;17,469687;3,375001962;1,230140117
SPY200468;0;0;0;0;0;0;0;0;0;0;0;0;1;0;0;1;0;0;0;0;0;0;1;1;1;0;1;0;1;0;1;0;0;0;0;0;1;0;1;1;1;1;1;1;0;0;1;1;0;0;0;0;0;1;1;0;0;0;1;0;0;1;0;0;0;0;0;1;1;0;0;1;1;0;0;0;0;0;0;0;0;1;1;0;0;1;0;0;0;0;0;1;0;1;0;1;1;1;1;0;0;0;0;0;0;0;0;0;0;0;0;0;0;0;1;1;1;0;1;0;0;1;0;0;0;0;1;0;1;0;0;1;0;0;0;1;0;0;1;1;1;0;0;0;0;0;0;0;0;0;1;1;1;0;0;0;0;0;0;SPY200468;49;14;35;11;0,785714286;18,66850782;1;3;1;3,373469388;16;6;17,32939049;50,75;0;0;7,512967986;0,444773422;0,165191299;0,640785;0,212743135;4;33;-0,023313717;0,057497516;1;1;0;20/05/2020;France;Occitanie;banyuls;Y;reserve;Reserve naturelle Cerbere-Banyuls;0;15:07;;00:29;30;42,46205;3,160999;42,46722;3,160368;42,46198;3,161489;42.46205;3.160999;42,46722;3,160368;42.46198;3.161489;0,2;8;coastal;surface transect;1;eRef;;;;SPY200468_banyuls;7;Biocenose des algues infralittorales;0;77,45238095;100;0;8,935613857;45,21547201;-29,85574913;-3,098689255;55,84782028;0,368125319;0,583411526;0,991706491;0;0,02261855;0,164535925;0;0;0;0;0;0;0;0,144647365;1;0;0;0;0;0;0;0;0,003352351;0,132260755;0;0,372993447;0,724771142;0;0,168125551;0,501598001;0;0,082857708;0,972249985;0;0,234381818;0,752401948;0,0000591;0,00373693;0,007995037;167,6083168;2313,442138;0,385623902;0,727460504;0,953467607;0,1726005;17,64019394;17,13335037;16,02474785;16,959232;3,364258642;2,224295565
SPY200470;0;0;0;0;1;0;0;0;0;0;0;0;1;0;0;1;0;0;0;0;0;0;1;1;1;0;1;0;1;0;1;0;0;1;0;0;0;0;1;1;0;1;1;1;0;0;1;0;0;0;0;0;1;1;1;0;0;0;0;0;1;0;0;0;0;0;0;1;1;0;0;1;0;0;0;0;0;0;0;0;0;1;1;1;0;1;0;0;0;0;0;1;0;1;1;1;1;1;1;1;0;0;0;0;0;0;0;0;0;0;0;0;0;0;1;1;1;0;1;0;1;1;0;0;0;0;1;0;1;0;0;1;0;0;0;1;0;0;1;0;1;0;0;0;1;1;0;0;0;0;1;1;1;0;0;0;0;0;0;SPY200470;52;14;35;13;0,65625;18,44606712;1;3;1;3,394230769;16;7;19,03206318;44,55647059;1;0;7,183876492;0,431552374;0,163849699;0,598345;0,176183452;4;36;-0,005096499;0,049542431;1;1;0;20/05/2020;Espagne;;banyuls;Y;outside;;2,5;11:33;;00:30;30;42,43501;3,175627;42,44181;3,176191;42,43482;3,17532;42.43501;3.175627;42,44181;3,176191;42.43482;3.17532;0,2;13;coastal;surface transect;1;eRef;;;;SPY200470_banyuls;7;Fonds meubles infralittoraux;80;97,14285714;100;0;3,828543144;26,79980201;-44,04585266;-21,48998597;15,99952984;0;0,039302889;0,259988517;0;0,134039669;0,851778626;0;0;0;0;0;0;0;0,088192556;1;0;0;0;0;0;0;0;0;0;0;0,094146816;0,186457723;0;0,05779283;0,501598001;0;0;0;0;0,090256157;0,752401948;0,000180735;0,003536814;0,005495585;112,5611275;842,2753249;0,385623902;0,724028289;0,953467607;0,171359;17,79255867;17,36282349;16,19348907;16,964586;2,925454078;2,051388435
SPY200471;0;0;0;0;0;0;0;0;0;0;0;0;0;0;0;1;0;0;0;0;0;0;1;1;0;0;1;0;1;0;1;0;0;0;0;0;0;0;1;0;0;1;1;1;0;0;1;0;0;0;0;0;0;1;1;0;0;0;0;0;0;0;0;0;0;0;0;1;1;0;0;1;0;0;0;0;0;0;0;0;0;0;0;1;1;1;0;0;0;0;0;1;0;1;0;0;0;1;1;0;0;0;0;0;0;0;0;0;0;0;0;0;0;0;1;0;1;0;0;0;0;1;0;0;0;0;0;0;1;0;0;1;0;0;0;0;0;0;1;1;1;0;0;0;0;0;0;0;0;0;0;1;1;0;0;0;1;0;0;SPY200471;34;11;21;10;0,52173913;18,08764812;0;0;0;3,323529412;11;7;15,22704792;49,82727273;0;0;6,012804814;0,419797996;0,107018678;0,650866;0,223224791;0;23;0,005883768;0,060077017;0;0;0;27/05/2020;France;PACA;carry;Y;reserve;Cantonnement de peche de Carry le Rouet;0;12:32;;00:31;30;43,3271;5,170136;43,327099;5,156689;43,326002;5,156124;43.3271;5.170136;43,327099;5,156689;43.326002;5.156124;0,2;5;coastal;surface transect;1;eRef;;;;SPY200471_carry;6;Biocenose de l herbier a Posidonia oceanica;0;1,673758865;100;0;87,4165889;100;-26,49910736;-4,234184888;22,29064369;0;0;0;0,15309976;0,554334366;1;0;0;0;0;0,000413089;0,02636411;0;0,085012815;0,501455367;0;0;0;0;0;0;0;0,112676201;0,762506783;0;0,184332394;0,750353456;0,235905573;0,555887976;0,752401948;0;0,034368187;0,256472796;0;0,294834235;0,751275718;0,000087;0,007073857;0,011096892;158,445775;842,2753249;0,117621787;0,180563346;0,222435907;0,6743055;18,30025291;18,5512085;17,20446777;17,4389515;2,925454078;2,199880663
SPY200473;0;0;0;0;0;0;0;0;0;0;0;0;0;0;0;1;0;0;0;0;0;0;1;1;0;0;1;0;1;0;1;0;0;0;0;0;0;0;1;0;0;0;1;1;0;0;1;0;0;1;0;0;0;1;1;0;0;0;0;0;0;0;0;0;0;0;0;1;1;0;0;1;0;0;0;0;0;0;0;0;0;0;0;1;1;0;0;0;0;0;0;1;0;1;0;0;1;1;1;0;0;0;0;0;0;0;0;0;0;0;0;0;0;1;1;0;1;0;0;0;0;1;0;0;0;0;0;0;1;0;0;1;0;0;1;0;1;0;1;1;1;0;0;0;0;0;0;0;0;0;1;1;1;0;0;0;1;0;0;SPY200473;38;12;23;11;0,695652174;17,97452363;0;0;0;3,363157895;12;8;16,96589771;49,10363636;0;0;6,03238904;0,426407171;0,095935101;0,631463;0,1866949;0;26;-0,010903947;0,054633577;0;0;0;27/05/2020;France;PACA;carry;Y;reserve;Cantonnement de peche de Carry le Rouet;0;11:45;;00:30;30;43,327682;5,168671;43,326207;5,156461;43,326753;5,157538;43.327682;5.168671;43,326207;5,156461;43.326753;5.157538;0,2;5;coastal;surface transect;1;eRef;;;;SPY200473_carry;5;Biocenose de l herbier a Posidonia oceanica;0;1,605839416;100;0;87,05667819;100;-24,48096657;-3,846176689;22,29064369;0;0;0;0,177980915;0,568196988;1;0;0;0;0;0,000452281;0,02636411;0;0,088506135;0,501455367;0;0;0;0;0;0;0;0,106538451;0,762506783;0;0,192767416;0,750353456;0,303358465;0,567084437;0,752401948;0;0,037880238;0,265513241;0,001745396;0,306208656;0,751275718;0,000168697;0,007521601;0,011096892;114,769864;699,7741296;0,117621787;0,181172714;0,222983509;0,6743055;18,28277397;18,53470993;17,19277;17,4389515;2,844957883;2,059827867
SPY200474;0;0;0;0;0;0;0;0;0;0;0;0;1;0;0;0;0;0;0;0;0;0;1;0;0;0;0;0;1;0;0;0;0;0;0;0;0;0;1;0;0;1;1;0;0;0;1;1;0;0;0;0;0;0;1;0;0;0;1;0;0;0;0;0;0;0;0;1;1;0;0;1;0;0;0;0;0;0;0;0;0;1;1;1;1;0;0;0;0;0;0;1;0;1;0;1;0;1;1;1;0;0;0;0;0;0;0;0;0;0;0;0;0;0;1;0;0;0;0;0;1;1;0;0;0;0;1;1;0;0;0;1;0;0;0;1;0;0;1;0;1;0;0;0;0;0;0;0;0;0;1;1;1;0;0;0;0;0;0;SPY200474;35;12;22;11;0,636363636;18,47939476;1;2,5;0;3,422857143;12;6;15,85236966;54,05;0;0;5,979355513;0,421788628;0,114870623;0,637737;0,255531243;3;23;0,005867084;0,047811459;1;0;0;20/05/2020;France;Occitanie;banyuls;Y;reserve;Reserve naturelle Cerbere-Banyuls;0;15:07;;00:29;30;42,46205;3,160999;42,46722;3,160368;42,46198;3,161489;42.46205;3.160999;42,46722;3,160368;42.46198;3.161489;0,2;8;coastal;surface transect;1;eRef;;;;SPY200474_banyuls;7;Biocenose des algues infralittorales;0;77,45238095;100;0;8,935613857;45,21547201;-29,85574913;-3,098689255;55,84782028;0,368125319;0,583411526;0,991706491;0;0,02261855;0,164535925;0;0;0;0;0;0;0;0,144647365;1;0;0;0;0;0;0;0;0,003352351;0,132260755;0;0,372993447;0,724771142;0;0,168125551;0,501598001;0;0,082857708;0,972249985;0;0,234381818;0,752401948;0,0000591;0,00373693;0,007995037;167,6083168;1325,685699;0,385623902;0,727460504;0,953467607;0,1726005;17,64019394;17,13335037;16,02474785;16,959232;3,122440571;2,224295565
SPY200477;0;0;0;0;0;0;0;0;0;0;0;0;1;0;0;1;0;0;0;0;0;0;0;0;0;0;1;0;0;0;1;0;0;0;0;0;0;0;1;1;0;0;1;1;0;0;0;0;0;0;0;0;0;0;1;0;0;0;0;0;0;0;0;0;0;0;0;0;0;0;0;1;0;0;0;0;0;0;0;0;0;0;0;1;0;1;0;0;1;0;0;1;0;1;0;0;0;1;1;1;0;0;0;0;0;0;0;0;0;0;0;0;0;1;1;1;1;0;0;1;0;1;0;0;0;0;0;0;0;1;0;1;0;1;0;0;0;0;0;1;1;0;0;0;0;0;0;0;0;0;1;0;1;0;0;0;0;0;0;SPY200477;31;11;23;7;0,882352941;18,95430505;2;3;1;3,458064516;12;8;15,48566943;47,6125;0;0;6,418366335;0,434645701;0,118585476;0,645629;0,230299387;1;19;-0,019737364;0,035772589;1;1;0;27/05/2020;France;PACA;carry;Y;outside;;5;09:58;;00:30;30;43,332473;5,243809;;;43,328706;5,227349;43.332473;5.243809;;;43.328706;5.227349;0,2;12;coastal;surface transect;1;eRef;;;;SPY200477_carry;7;Fonds meubles circalittoraux;0;4,166666667;50;0;56,65728838;94,84642559;-59,49953842;-19,19766431;53,39557266;0;0;0;0;0,069837123;0,733326793;0;0;0;0;0,002056454;0,071695797;0;0;0;0;0;0;0;0;0;0;0,093192261;1;0;0,350127432;0,731296599;0;0,046746771;0,65880537;0;0,0000704;0,064113766;0;0,005428923;0,229556262;0,003848691;0,009674807;0,013097337;23,71185892;1318,890509;0,117621787;0,185393646;0,222910553;0,576291;17,50626755;18,00767517;16,96294403;17,469687;3,120208743;1,374965602
SPY200478;0;0;0;0;0;0;1;0;0;0;0;0;0;0;0;1;0;0;0;0;0;0;1;1;0;0;1;0;0;0;1;0;0;0;0;0;0;0;1;0;0;1;1;1;0;0;1;0;0;0;0;0;0;1;1;0;0;0;1;0;0;0;0;0;0;0;0;1;1;0;0;1;0;0;0;0;0;0;0;0;0;0;0;1;1;0;0;0;0;0;0;1;0;1;0;0;0;0;1;1;0;0;0;0;0;0;0;0;0;0;0;0;0;0;1;0;1;0;1;0;0;1;0;0;0;0;0;0;1;0;0;1;0;0;0;0;1;0;1;1;1;0;0;0;0;1;0;0;0;0;1;0;1;0;0;0;0;0;0;SPY200478;36;12;20;11;0,541666667;18,39965195;1;1,5;1;3,311111111;12;7;14,4244009;43,39545455;1;0;6,492560205;0,426245776;0,127470491;0,648723;0,215051214;2;24;0,004813881;0,059593465;1;1;0;27/05/2020;France;PACA;carry;Y;reserve;Cantonnement de peche de Carry le Rouet;0;11:45;;00:30;30;43,327682;5,168671;43,326207;5,156461;43,326753;5,157538;43.327682;5.168671;43,326207;5,156461;43.326753;5.157538;0,2;5;coastal;surface transect;1;eRef;;;;SPY200478_carry;5;Biocenose de l herbier a Posidonia oceanica;0;1,605839416;100;0;87,05667819;100;-24,48096657;-3,846176689;22,29064369;0;0;0;0,177980915;0,568196988;1;0;0;0;0;0,000452281;0,02636411;0;0,088506135;0,501455367;0;0;0;0;0;0;0;0,106538451;0,762506783;0;0,192767416;0,750353456;0,303358465;0,567084437;0,752401948;0;0,037880238;0,265513241;0,001745396;0,306208656;0,751275718;0,000168697;0,007521601;0,011096892;114,769864;345,2038432;0,117621787;0,181172714;0,222983509;0,6743055;18,28277397;18,53470993;17,19277;17,4389515;2,538075622;2,059827867
SPY200483;0;0;0;0;0;0;0;0;0;0;0;0;1;0;0;1;0;0;0;0;0;0;0;0;0;0;1;0;1;0;1;0;0;0;0;0;0;0;1;1;0;1;1;1;0;0;1;0;0;1;0;0;0;0;0;0;0;0;0;0;0;0;0;0;0;0;0;0;1;0;0;1;0;0;0;0;0;0;0;0;0;0;0;1;1;1;0;0;0;0;0;1;0;1;0;0;0;0;1;1;0;0;0;0;0;0;0;0;0;0;0;0;0;1;1;1;1;0;0;1;0;0;0;0;0;0;0;0;1;0;0;1;0;0;0;0;0;0;0;1;1;0;0;1;0;0;0;0;0;0;0;0;1;0;0;0;0;0;0;SPY200483;32;10;24;5;0,65;18,55402955;1;0;0;3,484375;14;10;16,59611282;45,93416667;0;0;5,852045395;0,41914762;0,075547352;0,700315;0,217596103;0;18;-0,030596038;0,056429069;0;0;0;27/05/2020;France;PACA;carry;Y;outside;;5;10:46;;00:30;30;43,33248;5,243678;;;43,328725;5,228423;43.33248;5.243678;;;43.328725;5.228423;0,2;12;coastal;surface transect;1;eRef;;;;SPY200483_carry;7;Fonds meubles circalittoraux;0;4,385964912;50;0;58,22873503;94,84642559;-59,28116226;-19,97398183;53,39557266;0;0;0;0;0,064304019;0,641069055;0;0;0;0;0,002057809;0,071695797;0;0;0;0;0;0;0;0;0;0;0,093814634;1;0;0,350184971;0,730296552;0;0,042370509;0,571264267;0;0,0000725;0,064113766;0;0,005546401;0,229556262;0,003848691;0,009711175;0,013097337;16,98791646;710,7410938;0,117621787;0,185393646;0,222910553;0,576291;17,50584221;18,00601387;16,96215248;17,469687;2,851711426;1,230140117
SPY200484;0;0;0;0;0;0;0;0;0;0;0;0;1;0;0;1;0;0;0;0;0;0;1;1;0;0;1;0;0;0;1;0;0;0;0;0;0;0;1;1;0;1;1;1;0;0;1;0;0;1;0;0;0;1;1;0;0;0;0;0;1;0;0;0;0;0;0;1;1;0;0;1;0;0;0;0;0;0;0;0;0;0;0;0;0;1;0;0;0;0;0;1;0;1;1;1;1;1;1;1;0;0;0;0;0;0;0;0;0;0;0;0;0;0;1;0;1;0;1;0;1;1;1;0;0;0;1;0;1;0;0;1;0;0;1;1;0;0;0;0;1;0;0;0;0;1;0;0;0;0;1;1;1;1;0;0;0;0;0;SPY200484;45;13;31;12;0,586206897;18,35700107;1;2;1;3,473333333;16;5;17,67600371;43,38230769;1;0;6,840956163;0,430272829;0,14484721;0,608909;0,184838919;3;29;-0,001915968;0,045770285;1;1;0;20/05/2020;Espagne;;banyuls;Y;outside;;2,5;11:23;;00:30;30;42,43477;3,175341;42,44011;3,177917;42,43387;3,175246;42.43477;3.175341;42,44011;3,177917;42.43387;3.175246;0,2;11,5;coastal;surface transect;1;eRef;;;;SPY200484_banyuls;7;Fonds meubles circalittoraux;100;100;100;0;0;0;-49,98130035;-22,69753792;18,69162178;0;0,030147994;0,25756532;0;0,076654861;0,695536554;0;0;0;0;0;0;0;0,101746923;1;0;0;0;0;0;0;0;0;0;0;0,096323523;0,186294481;0;0,030510044;0,447226822;0;0;0;0;0,05453068;0,598127902;0,000180735;0,003622359;0,005495585;137,4267817;710,7410938;0,385623902;0,724028289;0,804626822;0,171359;17,80687904;17,39238548;16,21323586;16,964586;2,851711426;2,138071376
SPY200485;0;0;0;0;0;0;0;0;0;0;0;0;1;0;0;1;0;0;0;0;0;0;0;0;0;0;1;0;0;0;1;0;0;0;0;0;0;0;0;1;1;1;1;1;0;0;0;0;0;1;0;0;0;0;0;0;0;0;0;0;0;0;0;0;0;1;0;0;0;0;0;1;0;0;0;0;0;0;0;0;0;0;0;1;1;0;0;0;0;0;0;1;0;1;0;0;0;1;1;0;0;0;0;0;0;0;0;0;0;0;0;0;0;1;1;1;1;0;0;0;0;0;0;0;0;0;0;0;0;0;0;1;0;0;1;0;0;0;0;1;1;0;0;0;1;0;0;0;0;0;1;1;1;1;0;0;1;0;0;SPY200485;32;10;24;7;0,571428571;18,84533229;0;0;0;3,440625;12;7;15,0542636;42,609;0;0;5,232785379;0,413928457;0,068006642;0,669491;0,193646346;0;20;-0,024681061;0,066202321;0;0;0;20/05/2020;France;PACA;embiez;Y;outside;;;14:14;;00:30;30;43,082188;5,766803;43,078541;5,756904;43,07854;5,764676;43.082188;5.766803;43,078541;5,756904;43.07854;5.764676;0,2;13;coastal;surface transect;1;eRef;;;;SPY200485_embiez;5;Biocenose de l herbier a Posidonia oceanica;0;0;0;0;90,99378469;100;-41,33602905;-17,31738788;0;0,086852416;0,463799976;0,870191872;0;0,105722011;0,411889642;0;0;0;0;0,004299919;0,067202382;0;0,007717097;0,111899212;0;0;0;0;0;0;0;0,037817437;0,442337275;0;0,340898438;0,723659813;0;0,217695045;0,500877142;0;0,006126483;0,081695214;0;0,013670199;0,128878698;0,010401379;0,056983886;0,143026233;354,6023882;991,5089824;0,211323842;0,19978857;0,211032122;0,1402535;18,23632622;17,40766144;16,22673607;17,854264;2,996296653;2,549741656
SPY200486;0;0;0;0;0;0;0;0;0;0;0;0;1;0;0;1;0;0;0;0;0;0;1;1;0;0;1;0;1;0;1;0;0;0;0;0;0;0;1;1;0;1;1;1;0;0;1;0;0;0;0;0;0;0;1;0;0;0;0;0;0;0;0;0;0;0;0;1;1;0;0;1;0;0;0;0;0;0;0;0;0;0;0;1;1;0;0;0;0;0;0;1;0;1;0;0;0;1;1;1;0;0;0;0;0;0;0;0;0;0;0;0;0;0;1;1;1;0;0;0;0;1;0;0;0;0;0;0;1;0;0;1;0;0;0;0;1;0;1;1;1;0;0;0;1;0;0;0;0;0;1;0;1;0;0;0;0;0;0;SPY200486;37;12;24;9;0,652173913;18,24321034;1;0;0;3,32972973;12;8;16,29550712;47,99153846;0;0;6,135159308;0,426740172;0,108674939;0,641643;0,195742161;0;25;-0,012621752;0,065060053;0;0;0;27/05/2020;France;PACA;carry;Y;reserve;Cantonnement de peche de Carry le Rouet;0;12:32;;00:31;30;43,3271;5,170136;43,327099;5,156689;43,326002;5,156124;43.3271;5.170136;43,327099;5,156689;43.326002;5.156124;0,2;5;coastal;surface transect;1;eRef;;;;SPY200486_carry;6;Biocenose de l herbier a Posidonia oceanica;0;1,673758865;100;0;87,4165889;100;-26,49910736;-4,234184888;22,29064369;0;0;0;0,15309976;0,554334366;1;0;0;0;0;0,000413089;0,02636411;0;0,085012815;0,501455367;0;0;0;0;0;0;0;0,112676201;0,762506783;0;0,184332394;0,750353456;0,235905573;0,555887976;0,752401948;0;0,034368187;0,256472796;0;0,294834235;0,751275718;0,000087;0,007073857;0,011096892;158,445775;991,5089824;0,117621787;0,180563346;0,222435907;0,6743055;18,30025291;18,5512085;17,20446777;17,4389515;2,996296653;2,199880663
SPY200487;0;0;0;0;0;0;0;0;0;0;0;0;1;0;0;1;0;0;0;0;0;0;0;1;0;0;1;0;0;0;1;0;0;0;0;0;0;0;1;1;0;1;1;1;0;0;0;1;0;0;0;0;0;0;1;0;0;0;0;0;0;0;0;0;0;0;0;1;0;0;0;1;0;0;0;0;0;0;0;0;0;0;0;0;1;0;0;0;0;0;0;1;0;1;0;0;0;0;1;0;0;0;0;0;0;0;0;0;0;0;0;0;0;0;1;1;1;0;1;0;0;1;1;0;0;0;0;0;1;0;0;1;0;0;0;0;0;0;0;1;1;0;0;0;1;1;0;0;0;0;0;1;1;0;0;0;1;0;0;SPY200487;33;13;24;7;0,545454545;18,92774597;0;2,5;1;3,448484848;13;6;13,70103263;49,97818182;1;0;6,959510353;0,427396303;0,106424139;0,676383;0,213338391;3;20;-0,004654049;0,052786135;1;1;0;20/05/2020;France;PACA;embiez;Y;outside;;;11:01;;00:29;30;43,073544;5,775593;43,08357;5,779785;43,077945;5,775914;43.073544;5.775593;43,08357;5,779785;43.077945;5.775914;0,2;8;coastal;surface transect;1;eRef;;;;SPY200487_embiez;8;Biocenose de l herbier a Posidonia oceanica;0;1,187376726;93,33333333;0;91,63061194;100;-40,0733223;-9,341926907;1,025675058;0,426596642;0,766582125;1;0;0,378499594;1;0;0;0;0;0,011077458;0,067719005;0;0,171246779;1;0;0;0;0;6,78E-08;0,000152207;0;0,324303722;1;0;0,303201759;0,733033836;0,205200538;0,475913334;0,811227858;0;0,01523267;0,090638936;0;0,087715334;0,332615256;0,000185928;0,067375631;0,244874641;189,7041481;747,836069;0,211323842;0,200108573;0,211714029;0,1402535;18,26643562;17,32126045;16,27411079;17,854264;2,873806408;2,278076827
SPY200488;0;0;0;0;0;0;0;0;0;0;0;0;0;0;0;1;0;0;0;0;0;0;0;0;1;0;1;0;0;0;1;0;0;0;0;0;0;0;1;0;0;1;1;1;0;0;1;0;0;0;0;0;0;1;1;0;0;0;0;0;0;0;0;0;0;1;0;1;0;0;0;1;1;0;0;0;0;0;0;0;0;1;0;1;0;0;0;0;0;0;0;1;0;1;0;0;0;0;1;0;0;0;0;0;0;0;0;0;0;0;0;0;0;1;1;1;1;0;0;0;0;1;0;0;0;0;0;0;0;0;0;0;0;0;1;0;0;0;0;1;1;0;0;0;0;0;0;0;0;0;0;1;1;0;0;0;0;0;0;SPY200488;30;11;20;7;0,823529412;19,13940864;0;1;0;3,316666667;12;7;14,23998572;46,34333333;0;0;5,415111521;0,437656498;0,071839481;0,617498;0,172435242;1;18;-0,03639729;0,063395063;1;0;0;20/05/2020;France;PACA;embiez;Y;outside;;;13:23;;00:30;30;43,082224;5,766902;43,078299;5,756816;43,079137;5,765199;43.082224;5.766902;43,078299;5,756816;43.079137;5.765199;0,2;12;coastal;surface transect;1;eRef;;;;SPY200488_embiez;5;Biocenose de l herbier a Posidonia oceanica;0;0;0;0;91,2699193;100;-40,4197464;-17,24380677;0;0,099102974;0,465075714;0,870191872;0;0,105474386;0,414130121;0;0;0;0;0,004243436;0,067202382;0;0,007727388;0,111899212;0;0;0;0;0;0;0;0,038254275;0,452904284;0;0,338204824;0,723659813;0;0,218623416;0,500877142;0;0,006046962;0,081695214;0;0,013580495;0,128878698;0,010401379;0,056959514;0,143456191;339,1038516;747,836069;0,211323842;0,19978857;0,210960716;0,1402535;18,23662186;17,40682411;16,22661781;17,854264;2,873806408;2,530332723
SPY200489;0;0;0;0;0;0;0;0;0;0;0;0;1;0;0;1;0;0;0;0;0;0;0;1;1;0;1;0;1;0;1;0;0;1;0;0;0;0;1;1;0;1;1;1;0;0;1;0;0;0;0;0;1;1;0;0;0;0;0;0;0;0;0;0;0;0;0;0;0;0;0;1;0;0;0;0;0;0;0;0;0;0;0;1;1;0;0;0;0;0;0;1;0;1;1;0;1;1;1;0;0;0;0;0;0;0;0;0;0;0;0;0;0;1;1;1;1;0;0;0;0;1;0;0;0;0;0;0;1;0;0;1;0;0;0;0;0;0;0;1;1;0;0;0;0;0;0;0;0;0;1;0;1;0;0;0;1;0;0;SPY200489;37;11;26;8;0,727272727;18,19178598;0;0;0;3,391891892;15;9;15,40853631;45,64533333;0;0;6,244764643;0,423952712;0,080639906;0,651622;0,192648986;0;22;-0,030121103;0,058909628;0;0;0;27/05/2020;France;PACA;carry;Y;outside;;10;09:05;;00:30;30;43,357127;5,289025;;;43,346944;5,273608;43.357127;5.289025;;;43.346944;5.273608;0,2;5;coastal;surface transect;1;eRef;;;;SPY200489_carry;8;Biocenose de l herbier a Posidonia oceanica;0;28,85353795;100;0;71,79857901;100;-35,43061066;11,27253981;115,0679855;0;0;0;0,255808383;0,646030574;1;0;0;0;0;0,007587879;0,090583555;0;0,093447809;1;0;0;0;0;0,004950679;0,237138495;0;0;0;0;0,146440466;0,730710804;0,137222171;0,586329298;1;0;0;0;0;0,062231769;0,501598001;0,00000182;0,002066053;0,01026655;42,98419431;683,1812831;0,117621787;0,255358368;0,284492582;0,55059;17,46501732;17,94496536;16,99378777;17,449556;2,83453596;1,633308791
SPY200493;0;0;0;0;0;0;0;0;0;0;0;0;1;0;0;1;0;0;0;0;0;0;0;0;0;0;1;0;1;0;1;0;0;0;0;0;0;0;1;1;1;1;1;1;0;0;1;0;0;0;0;0;0;0;0;0;0;0;0;0;0;0;0;0;0;0;0;0;0;0;0;1;0;0;0;0;0;0;0;0;0;1;0;1;1;1;0;0;0;0;0;1;0;1;0;0;1;1;1;0;0;0;0;0;0;0;0;0;0;0;0;0;0;1;1;1;1;0;0;0;0;0;0;0;0;0;0;0;0;0;0;1;0;0;1;0;0;0;0;1;1;0;0;0;0;0;0;0;0;0;0;0;1;1;0;0;1;0;0;SPY200493;33;10;26;5;0,789473684;18,976878;0;1;0;3,493939394;15;9;15,95678465;48,32083333;0;0;6,198874109;0,426668427;0,092727546;0,72084;0,237990757;1;18;-0,044418992;0,057623512;1;0;0;20/05/2020;France;PACA;embiez;Y;outside;;;14:14;;00:30;30;43,082188;5,766803;43,078541;5,756904;43,07854;5,764676;43.082188;5.766803;43,078541;5,756904;43.07854;5.764676;0,2;13;coastal;surface transect;1;eRef;;;;SPY200493_embiez;5;Biocenose de l herbier a Posidonia oceanica;0;0;0;0;90,99378469;100;-41,33602905;-17,31738788;0;0,086852416;0,463799976;0,870191872;0;0,105722011;0,411889642;0;0;0;0;0,004299919;0,067202382;0;0,007717097;0,111899212;0;0;0;0;0;0;0;0,037817437;0,442337275;0;0,340898438;0,723659813;0;0,217695045;0,500877142;0;0,006126483;0,081695214;0;0,013670199;0,128878698;0,010401379;0,056983886;0,143026233;354,6023882;1913,827725;0,211323842;0,19978857;0,211032122;0,1402535;18,23632622;17,40766144;16,22673607;17,854264;3,281902842;2,549741656
SPY200494;0;0;0;0;0;0;0;0;0;0;0;0;1;0;0;1;0;0;0;0;0;0;1;0;0;0;1;0;1;0;1;0;0;0;0;0;0;0;1;1;0;1;1;1;0;0;1;0;1;0;0;0;0;0;0;0;0;0;1;0;0;0;0;0;0;0;0;0;0;0;0;1;0;0;0;0;0;0;0;0;0;0;0;1;1;0;0;0;0;0;0;1;0;0;1;0;1;0;1;0;0;0;0;0;0;0;0;0;0;0;0;0;0;1;1;1;1;0;0;0;1;0;1;0;0;0;1;0;0;0;0;1;0;0;0;0;0;0;1;0;1;0;0;0;0;0;0;0;0;0;0;0;1;0;0;0;1;0;0;SPY200494;33;11;24;5;0,888888889;19,02766367;0;0;0;3,490909091;17;9;15,45268215;47,49153846;0;0;6,362637305;0,439930268;0,111994764;0,719858;0,256593975;0;16;-0,039716525;0,056117863;0;0;0;27/05/2020;France;PACA;carry;Y;outside;;10;09:05;;00:30;30;43,357127;5,289025;;;43,346944;5,273608;43.357127;5.289025;;;43.346944;5.273608;0,2;5;coastal;surface transect;1;eRef;;;;SPY200494_carry;8;Biocenose de l herbier a Posidonia oceanica;0;28,85353795;100;0;71,79857901;100;-35,43061066;11,27253981;115,0679855;0;0;0;0,255808383;0,646030574;1;0;0;0;0;0,007587879;0,090583555;0;0,093447809;1;0;0;0;0;0,004950679;0,237138495;0;0;0;0;0,146440466;0,730710804;0,137222171;0,586329298;1;0;0;0;0;0,062231769;0,501598001;0,00000182;0,002066053;0,01026655;42,98419431;1913,827725;0,117621787;0,255358368;0,284492582;0,55059;17,46501732;17,94496536;16,99378777;17,449556;3,281902842;1,633308791
SPY200788;0;0;0;0;0;0;1;0;0;0;0;0;1;0;0;1;0;0;0;0;1;0;1;1;0;0;1;0;1;0;1;0;0;0;0;0;0;0;1;1;0;1;1;1;0;0;1;1;0;0;0;0;0;1;1;0;0;0;1;0;1;0;0;0;0;0;0;1;1;0;0;1;0;0;0;0;0;0;0;0;0;0;0;1;1;1;0;0;0;0;0;1;0;1;0;0;0;1;1;1;0;0;0;0;0;0;0;0;0;0;0;0;0;1;1;1;1;0;1;0;1;1;0;0;0;0;1;0;1;0;0;1;0;0;1;0;0;0;0;1;1;0;0;0;1;0;0;0;1;0;1;1;1;0;0;0;1;0;0;SPY200788;50;13;31;15;0,545454545;18,88657789;1;1,5;0;3,434;15;9;20,48527041;45,030625;0;0;6,0764839;0,40971812;0,120614807;0,553868;0,148120099;2;35;0,000168275;0,050975031;1;0;0;20/05/2020;France;PACA;cap_roux;Y;outside;;5;;;00:30;30;43,4279917;6,88993167;;;43,4274067;6,88050167;43 25.6795;6 53.3959;;;43 25.6444;6 52.8301;0,2;;coastal;surface transect;1;eRef;;;;SPY200788_cap_roux;6;Biocenose de l herbier a Posidonia oceanica;0;0,269541779;28,57142857;0;85,80857647;100;-32,35968399;2,499260264;57,8543129;0,068393134;0,268011446;0,530294061;0,118513085;0,451022149;1;0;0;0;0;0,154218524;0,371467412;0;0;0;0;0;0;0;0,000000103;0,000114155;0;0,313250308;0,901257753;0;0,316199489;0,736571133;0,554727376;0,836488323;1;0;0,16748653;0,460465312;0,298921138;0,612538304;1;0,001511674;0,112267488;0,40855971;57,9233371;683,1982519;0,565292001;0,365550309;0,255133182;0,083152;19,14208412;18,19367027;16,64508438;18,418865;2,834546746;1,762853575
SPY200794;0;0;0;0;0;0;0;0;0;0;0;0;1;0;0;1;0;0;0;0;0;0;1;1;1;0;1;0;1;0;1;0;0;0;0;0;0;0;1;1;0;1;1;1;0;0;0;0;0;0;0;0;0;0;0;0;0;0;0;0;0;0;0;0;0;0;0;1;1;0;0;1;0;0;0;0;0;0;0;0;0;0;0;1;1;1;0;1;0;0;0;1;0;1;0;0;0;1;1;0;0;0;0;0;0;0;0;0;0;0;0;0;0;0;1;1;1;0;1;0;0;1;0;0;0;0;1;0;1;0;0;1;0;0;1;0;0;0;0;1;1;0;0;0;1;0;0;0;0;0;0;0;1;0;0;0;1;0;0;SPY200794;38;12;29;7;0,625;18,46536763;0;0,5;0;3,386842105;12;7;17,09806273;50,2;0;0;6,447229347;0,425510463;0,111542481;0,639303;0,18969207;1;26;-0,013514462;0,060148534;1;0;0;20/05/2020;France;PACA;cap_roux;Y;outside;;5;;;00:30;30;43,4279917;6,88993167;;;43,4274067;6,88050167;43 25.6795;6 53.3959;;;43 25.6444;6 52.8301;0,2;;coastal;surface transect;1;eRef;;;;SPY200794_cap_roux;6;Biocenose de l herbier a Posidonia oceanica;0;0,269541779;28,57142857;0;85,80857647;100;-32,35968399;2,499260264;57,8543129;0,068393134;0,268011446;0,530294061;0,118513085;0,451022149;1;0;0;0;0;0,154218524;0,371467412;0;0;0;0;0;0;0;0,000000103;0,000114155;0;0,313250308;0,901257753;0;0,316199489;0,736571133;0,554727376;0,836488323;1;0;0,16748653;0,460465312;0,298921138;0,612538304;1;0,001511674;0,112267488;0,40855971;57,9233371;2713,870156;0,565292001;0,365550309;0,255133182;0,083152;19,14208412;18,19367027;16,64508438;18,418865;3,433589065;1,762853575
SPY200799;0;0;0;0;0;0;0;0;0;0;0;0;1;0;0;1;0;0;0;0;1;0;1;1;0;0;1;0;1;0;1;0;0;0;0;0;0;0;1;1;0;1;1;1;0;0;1;0;0;1;0;0;0;1;1;0;0;0;0;0;0;0;0;0;0;0;0;1;1;0;0;1;1;0;0;0;0;0;0;0;0;1;0;1;1;1;0;1;0;0;0;1;0;1;0;0;0;1;1;0;0;0;0;0;0;0;0;0;0;0;0;0;0;0;1;1;1;0;1;0;0;1;0;0;0;0;1;0;1;0;0;1;0;0;1;0;0;0;0;1;1;0;0;0;1;0;0;0;0;0;0;1;1;1;1;0;1;0;0;SPY200799;47;12;33;10;0,6;18,72185378;0;1,5;0;3,444680851;16;8;21,11093019;43,98666667;0;0;6,109312339;0,419022566;0,120962442;0,63353;0,161954635;2;31;-0,011886469;0,051357167;1;0;0;20/05/2020;France;PACA;cap_roux;Y;outside;;5;;;00:30;30;43,427405;6,88050167;;;43,4279917;6,88993167;43 25.6443;6 52.8301;;;43 25.6795;6 53.3959;0,2;;coastal;surface transect;1;eRef;;;;SPY200799_cap_roux;6;Biocenose de l herbier a Posidonia oceanica;0;0,269541779;28,57142857;0;85,80857647;100;-32,35968399;2,499260264;57,8543129;0,068393134;0,268011446;0,530294061;0,118513085;0,451022149;1;0;0;0;0;0,154218524;0,371467412;0;0;0;0;0;0;0;0,000000103;0,000114155;0;0,313250308;0,901257753;0;0,316199489;0,736571133;0,554727376;0,836488323;1;0;0,16748653;0,460465312;0,298921138;0,612538304;1;0,001511674;0,112267488;0,40855971;57,95589325;1445,755618;0,565292001;0,365550309;0,255133182;0,083152;19,1420784;18,19367218;16,64508247;18,418865;3,160094889;1,763097604
SPY200800;0;0;0;0;0;0;0;0;0;1;0;0;1;0;0;1;0;0;0;0;0;0;1;1;1;0;1;0;1;0;1;0;0;0;0;0;0;0;1;1;0;1;1;1;0;0;0;0;1;0;0;0;0;1;1;0;0;1;0;0;0;0;0;0;0;1;0;1;1;0;0;1;0;0;0;0;0;0;0;0;0;0;1;1;1;1;0;0;0;0;1;1;0;1;1;0;0;1;1;1;0;0;0;0;0;0;0;0;0;0;0;0;0;0;0;1;1;0;1;0;1;1;0;0;0;0;1;0;1;0;0;1;0;0;1;1;0;0;0;1;1;0;0;1;1;1;0;0;0;0;0;1;1;1;1;0;1;0;0;SPY200800;53;12;37;12;0,636363636;18,88599419;1;1,5;1;3,471698113;16;6;21,00077897;50,23666667;1;0;7,517230606;0,428784403;0,169446525;0,595591;0,169021766;2;37;-0,0087667;0,045603689;1;1;0;20/05/2020;France;PACA;cap_roux;Y;outside;;10;;;00:30;30;43,4177217;6,82883667;;;43,4147917;6,81495333;43 25.0633;6 49.7302;;;43 24.8875;6 48.8972;0,2;;coastal;surface transect;1;eRef;;;;SPY200800_cap_roux;7;Biocenose de l herbier a Posidonia oceanica;0;0;0;0;85,36742333;100;-39,12968063;-1,615110024;47,26109314;0;0,043747087;0,196342945;0;0,416736859;1;0;0;0;0;0,021327204;0,132959142;0;0,030083473;0,501598001;0;0;0;0;0;0;0;0,000281888;0,124113083;0,046516906;0,363461004;0,739387751;0,473535836;0,804458818;1;0;0,016367994;0,123107493;0,239434198;0,657781043;1;0,0000727;0,004176673;0,019554595;79,75496712;1431,1865;0,565292001;0,270111442;0,271054149;0,076060667;19,00715828;18,29541016;16,9366436;18,42109867;3,155696231;1,90175774
SPY200803;0;0;0;0;0;0;1;0;0;1;0;0;0;0;0;1;0;0;0;0;1;0;1;0;0;0;1;0;1;0;1;0;0;0;0;0;0;0;1;1;0;1;1;1;0;0;0;0;0;1;0;0;0;0;1;0;0;0;1;0;0;0;0;0;0;1;0;1;1;0;0;1;1;0;0;0;0;0;0;0;0;0;0;1;1;1;0;0;0;0;0;1;0;1;0;0;0;1;1;0;0;0;0;0;0;0;0;0;0;0;0;0;0;0;1;1;1;0;1;0;1;1;0;0;0;0;0;0;1;0;0;1;0;0;1;0;0;0;0;1;1;0;0;0;0;0;0;0;0;0;0;0;1;1;0;0;1;0;0;SPY200803;42;9;28;10;0,482758621;18,63159893;0;0,5;0;3,428571429;14;7;19,66566111;41,56142857;0;0;6,250303074;0,406053029;0,114938327;0,666478;0,196243583;1;28;-0,000544266;0,050938696;1;0;0;20/05/2020;France;PACA;cap_roux;Y;outside;;5;;;00:30;30;43,427405;6,88050167;;;43,4279917;6,88993167;43 25.6443;6 52.8301;;;43 25.6795;6 53.3959;0,2;;coastal;surface transect;1;eRef;;;;SPY200803_cap_roux;6;Biocenose de l herbier a Posidonia oceanica;0;0,269541779;28,57142857;0;85,80857647;100;-32,35968399;2,499260264;57,8543129;0,068393134;0,268011446;0,530294061;0,118513085;0,451022149;1;0;0;0;0;0,154218524;0,371467412;0;0;0;0;0;0;0;0,000000103;0,000114155;0;0,313250308;0,901257753;0;0,316199489;0,736571133;0,554727376;0,836488323;1;0;0,16748653;0,460465312;0,298921138;0,612538304;1;0,001511674;0,112267488;0,40855971;57,95589325;1445,785197;0,565292001;0,365550309;0,255133182;0,083152;19,1420784;18,19367218;16,64508247;18,418865;3,160103774;1,763097604
SPY200804;0;0;0;0;0;0;0;0;0;1;0;0;0;0;0;1;0;0;0;0;1;0;1;1;1;0;1;0;1;0;1;0;0;0;0;0;1;0;1;1;0;1;1;1;0;0;1;0;0;0;0;0;0;1;1;0;0;0;1;0;0;0;0;0;0;0;0;1;1;0;0;1;1;0;0;0;0;0;0;0;0;0;0;1;1;1;0;1;0;0;0;1;0;1;0;0;1;1;1;0;0;0;0;0;0;0;0;0;0;0;0;0;1;0;1;1;1;0;1;0;0;1;0;0;0;0;0;1;1;0;0;1;0;0;1;0;0;0;0;1;1;0;0;0;1;0;0;0;0;0;1;0;1;1;0;0;0;0;0;SPY200804;48;12;32;11;0,580645161;18,6090424;0;0,5;1;3,389583333;16;8;19,55557888;46,364375;0;0;7,440624731;0,425612903;0,145508719;0,625806;0,185810801;1;32;-0,009593546;0,052715698;1;1;0;20/05/2020;France;PACA;cap_roux;Y;reserve;Cantonnement de peche de Saint-Raphael (Cap-Roux);0;;;00:30;30;43,4539367;6,92290667;;;43,4608233;6,92346217;43 27.2362;6 55.3744;;;43 27.6494;6 55.40773;0,2;;coastal;surface transect;1;eRef;;;;SPY200804_cap_roux;8;Biocenose de l herbier a Posidonia oceanica;0;0;0;0;83,40852014;100;-49,92362595;-0,431125146;91,82711029;0;0,010233453;0,092229754;0;0,023042915;0,19626677;0;0;0;0;0,012271095;0,097771712;0;0;0;0;0;0;0;0,000186912;0,013736683;0;0,211302886;0,604616284;0;0,025269224;0,709039688;0;0,184696155;0,486721307;0;0,001732457;0,042541116;0,075311206;0,592918507;1;0,000628609;0,085327282;0,257650673;105,7622391;2703,179776;0,507398844;0,254271448;0,216045141;0,082529;19,06091499;18,44966888;16,77907181;18,431097;3,43187493;2,024330637
SPY200806;0;0;0;0;0;0;1;0;0;1;0;0;1;0;0;1;0;0;0;0;0;0;1;1;1;0;1;0;0;0;1;0;0;0;0;0;1;0;1;1;0;1;1;1;0;0;1;0;0;1;0;0;0;0;1;0;0;0;1;0;0;0;0;0;0;0;1;1;0;0;0;1;1;0;0;0;0;0;0;0;0;0;0;1;1;1;0;1;0;0;0;1;0;1;1;1;1;1;1;0;0;0;0;0;0;0;0;0;0;0;0;0;0;0;1;1;1;0;1;0;1;1;1;0;0;0;0;0;1;0;0;1;0;0;1;0;0;0;0;1;1;0;0;0;0;0;0;0;0;0;0;1;1;1;0;0;0;0;0;SPY200806;49;12;34;10;0,666666667;18,46110012;0;1;1;3,446938776;19;8;19,97424859;43,28352941;0;0;6,885134421;0,42839096;0,138938579;0,64123;0,179436503;2;30;-0,02256109;0,049536676;1;1;0;20/05/2020;France;PACA;cap_roux;Y;reserve;Cantonnement de peche de Saint-Raphael (Cap-Roux);0;;;00:30;30;43,4608233;6,92346167;;;43,4539367;6,92290667;43 27.6494;6 55.4077;;;43 27.2362;6 55.3744;0,2;;coastal;surface transect;1;eRef;;;;SPY200806_cap_roux;8;Biocenose de l herbier a Posidonia oceanica;0;0;0;0;83,40852014;100;-49,92362595;-0,431125146;91,82711029;0;0,010233453;0,092229754;0;0,023042915;0,19626677;0;0;0;0;0,012271095;0,097771712;0;0;0;0;0;0;0;0,000186912;0,013736683;0;0,211302886;0,604616284;0;0,025269224;0,709039688;0;0,184696155;0,486721307;0;0,001732457;0,042541116;0,075311206;0,592918507;1;0,000628609;0,085327282;0,257650673;105,7435547;2703,126914;0,507398844;0,254271448;0,216045141;0,082529;19,06091499;18,44966698;16,7790699;18,431097;3,431866437;2,024253906
SPY200807;0;0;0;0;0;0;0;0;0;1;0;0;1;0;0;1;0;0;0;0;1;0;1;1;1;0;1;0;1;0;1;0;0;0;0;0;1;0;1;1;0;1;1;1;0;0;1;0;0;0;0;0;0;1;0;0;0;0;1;0;0;0;0;0;0;0;0;0;1;0;0;1;1;0;0;0;0;0;0;0;0;0;1;1;1;0;0;1;0;0;0;1;0;1;1;0;1;1;1;1;0;0;0;0;1;0;0;0;0;0;0;0;1;0;1;1;1;0;1;0;1;0;0;0;0;0;0;0;1;1;0;1;0;1;1;0;0;0;0;1;1;0;0;0;1;0;0;0;0;0;0;1;1;1;0;0;1;0;0;SPY200807;52;13;34;12;0,766666667;18,81670482;2;0,5;1;3,394230769;18;8;21,79608767;46,50941176;0;0;7,602125239;0,421956427;0,173988539;0,642227;0,194878389;1;34;-0,026259443;0,047486581;1;1;0;20/05/2020;France;PACA;cap_roux;Y;reserve;Cantonnement de peche de Saint-Raphael (Cap-Roux);0;;;00:30;30;43,4608233;6,92346167;;;43,4539367;6,92290667;43 27.6494;6 55.4077;;;43 27.2362;6 55.3744;0,2;;coastal;surface transect;1;eRef;;;;SPY200807_cap_roux;8;Biocenose de l herbier a Posidonia oceanica;0;0;0;0;83,40852014;100;-49,92362595;-0,431125146;91,82711029;0;0,010233453;0,092229754;0;0,023042915;0,19626677;0;0;0;0;0,012271095;0,097771712;0;0;0;0;0;0;0;0,000186912;0,013736683;0;0,211302886;0,604616284;0;0,025269224;0,709039688;0;0,184696155;0,486721307;0;0,001732457;0,042541116;0,075311206;0,592918507;1;0,000628609;0,085327282;0,257650673;105,7435547;2703,126914;0,507398844;0,254271448;0,216045141;0,082529;19,06091499;18,44966698;16,7790699;18,431097;3,431866437;2,024253906
SPY201202;0;0;0;0;0;0;1;0;0;0;0;0;1;0;0;1;0;0;0;0;0;0;1;1;0;0;1;0;1;0;1;0;0;0;0;0;0;0;1;1;0;1;1;1;0;0;1;0;1;1;0;0;0;1;1;0;0;0;1;0;0;0;0;0;0;0;0;1;1;0;0;1;1;0;0;0;0;0;0;0;0;0;0;1;1;1;0;0;0;0;0;1;0;1;0;1;0;1;1;1;0;0;0;0;0;0;0;0;0;0;0;0;1;0;1;1;1;0;1;0;1;1;0;0;0;0;1;0;1;0;0;1;0;0;1;1;0;0;0;1;1;0;0;0;1;1;0;0;0;0;0;1;1;0;0;0;1;0;0;SPY201202;51;13;34;14;0,485714286;18,7368133;1;2;1;3,468627451;17;8;20,5220257;45,115625;1;0;6,895806594;0,421252585;0,159268606;0,579755;0,169782692;3;34;0,001763191;0,048193847;1;1;0;21/05/2020;France;PACA;cap_roux;Y;outside;;10;;;00:30;30;43,4147929;6,81495333;;;43,4177217;6,82883667;43 24.887574;6 48.8972;;;43 25.0633;6 49.7302;0,2;;coastal;surface transect;1;eRef;;;;SPY201202_cap_roux;7;Biocenose de l herbier a Posidonia oceanica;0;0;0;0;85,36742333;100;-39,12968063;-1,615110024;47,26109314;0;0,043747087;0,196342945;0;0,416736859;1;0;0;0;0;0,021327204;0,132959142;0;0,030083473;0,501598001;0;0;0;0;0;0;0;0,000281888;0,124113083;0,046516906;0,363461004;0,739387751;0,473535836;0,804458818;1;0;0,016367994;0,123107493;0,239434198;0,657781043;1;0,0000727;0,004176673;0,019554595;79,69104521;2708,247811;0,397011876;0,270111531;0,271054149;0,076060667;18,77776337;18,44192505;17,0536499;18,42109867;3,432688401;1,901409523
SPY201214;0;0;0;0;0;0;0;0;0;0;0;0;0;0;0;0;0;0;0;0;0;0;0;0;0;0;1;0;0;0;0;0;0;0;0;0;1;0;0;0;0;0;1;1;0;0;0;0;0;0;0;0;0;0;0;0;0;0;0;0;0;0;0;0;0;0;0;0;0;0;0;0;0;0;0;0;0;0;0;0;0;0;0;0;0;0;0;0;0;0;0;1;0;0;0;0;0;0;0;0;0;0;0;0;0;0;0;0;0;0;0;0;0;0;0;0;1;0;1;0;0;0;0;0;0;0;0;0;0;0;0;0;0;0;0;0;0;0;0;1;0;0;0;0;0;0;0;0;0;0;0;0;0;0;0;0;0;0;0;SPY201214;8;5;6;0;0,5;20,68274372;0;0,5;1;3,425;3;0;2,842716342;51,57;0;0;3,831535449;0,388677488;0,007134271;0,741823;0,525334635;1;5;-0,080459541;0,043873259;1;1;0;04/06/2020;France;Corse;Calvi;Y;outside;;10;;;00:30;30;42,609915;8,86008;;;42,607735;8,84142;42 36.5949;8 51.6048;;;42 36.4641;8 50.4852;0,2;;coastal;surface transect;1;eRef;;;;SPY201214_Calvi;6;Biocenose de l herbier a Posidonia oceanica;0;0;0;0;85,18822751;100;-31,33743095;5,594996748;103,8475876;0,049536668;0,417029534;0,824803829;0,089001156;0,429380592;1;0;0;0;0;0;0;0;0,032261579;0,498180032;0;0;0;0;0;0;0;0,155769684;0,667433083;0,010781744;0,420162083;0,744539201;0;0,135660864;0,500972509;0;0,019625188;0,252057672;0;0,075793298;0,480383068;0,0000385;0,002515228;0,004528875;100,3592622;1122,233632;0,078457765;0,13886553;0,125558302;0,062885;19,88371494;18,61544471;18,1820019;18,634653;3,05008328;2,00155746
SPY201217;0;0;0;0;1;0;1;0;0;0;0;0;0;0;0;1;1;0;0;0;0;0;0;1;0;0;1;0;1;0;1;0;0;0;0;1;1;0;1;1;0;1;1;1;1;0;0;1;1;1;0;0;0;1;1;1;0;0;0;0;1;0;0;0;0;0;0;1;1;0;0;1;1;0;1;0;0;0;0;0;0;1;0;0;1;1;0;0;0;0;0;1;0;1;0;0;1;1;1;0;0;0;0;0;0;0;0;0;0;0;0;0;1;0;0;0;1;0;0;0;0;1;0;0;0;0;0;0;1;0;0;1;0;0;0;1;0;0;0;1;1;0;0;0;1;1;0;0;0;0;1;1;1;0;0;1;1;0;0;SPY201217;51;12;35;15;0,405405405;18,84256151;0;4;3;3,529411765;13;4;20,58568784;49,59263158;2;0;8,176134548;0,427590561;0,259788935;0,62563;0,228575332;4;38;0,019407639;0,030767692;1;1;0;03/06/2020;France;Corse;Calvi;Y;outside;;5;;;00:30;30;42,5926067;8,810375;;;42,5845467;8,80120667;42 35.5564;8 48.6225;;;42 35.0728;8 48.0724;0,2;;coastal;surface transect;1;eRef;;;;SPY201217_Calvi;5;Biocenose de l herbier a Posidonia oceanica;0;0;0;0;75,40167806;100;-28,08312988;-6,076106807;24,87167168;0;0,009440231;0,071229689;0;0,012082036;0,080394171;0;0;0;0;0,026209202;0,181213573;0;0;0;0;0;0;0;0;0;0;0,017748098;0,183233261;0,10020458;0,513214694;0,715334296;0;0,006634221;0,075986177;0;0;0;0;0,072564608;0,561176777;0,000109362;0,00245286;0,006775995;57,41085786;1173,489194;0,138845935;0,13886553;0,125558302;0,0607305;19,58382607;19,55463409;19,10230064;18,5785895;3,069479095;1,758994036
SPY201219;0;0;0;0;0;0;1;0;0;0;0;0;1;0;0;1;0;0;0;0;0;0;0;1;0;0;1;0;1;0;1;0;0;0;0;1;1;0;1;1;0;1;1;1;0;0;0;0;0;0;0;0;0;0;1;0;0;0;0;0;0;0;0;0;0;1;0;1;0;0;0;1;1;0;0;0;0;0;0;0;0;1;0;0;0;1;0;0;1;0;0;1;0;1;0;0;0;1;1;0;0;0;0;0;0;0;0;0;0;0;0;0;1;0;0;0;1;0;1;0;0;1;0;0;0;1;1;0;1;0;0;1;0;0;1;1;0;0;0;1;1;0;0;0;1;1;0;0;0;0;1;1;1;0;0;0;1;0;0;SPY201219;44;13;32;11;0,551724138;18,85243392;0;6,5;4;3,531818182;10;3;15,91025966;50,80571429;1;0;9,244649172;0,463722878;0,294495313;0,623205;0,240409923;5;34;0,005185866;0,021909779;1;1;0;04/06/2020;France;Corse;Calvi;Y;outside;;10;;;00:30;30;42,609915;8,86008;;;42,607735;8,84142;42 36.5949;8 51.6048;;;42 36.4641;8 50.4852;0,2;;coastal;surface transect;1;eRef;;;;SPY201219_Calvi;6;Biocenose de l herbier a Posidonia oceanica;0;0;0;0;85,18822751;100;-31,33743095;5,594996748;103,8475876;0,049536668;0,417029534;0,824803829;0,089001156;0,429380592;1;0;0;0;0;0;0;0;0,032261579;0,498180032;0;0;0;0;0;0;0;0,155769684;0,667433083;0,010781744;0,420162083;0,744539201;0;0,135660864;0,500972509;0;0,019625188;0,252057672;0;0,075793298;0,480383068;0,0000385;0,002515228;0,004528875;100,3592622;2001,976251;0,078457765;0,13886553;0,125558302;0,062885;19,88371494;18,61544471;18,1820019;18,634653;3,301458921;2,00155746
SPY201233;0;0;0;0;0;0;0;0;0;0;0;0;0;0;0;0;0;0;0;0;0;0;0;0;0;0;1;0;0;0;1;0;0;0;0;0;0;0;0;0;0;0;1;1;0;0;0;0;0;0;0;0;0;0;0;0;0;0;0;0;0;0;0;0;0;0;0;0;0;0;0;1;0;0;0;0;0;0;0;0;0;0;0;0;0;0;0;0;0;0;0;1;0;0;0;0;0;0;1;0;0;0;0;0;0;0;0;0;0;0;0;0;0;0;0;0;1;0;0;0;0;0;0;0;0;0;0;0;0;0;0;0;0;0;0;0;0;0;0;1;1;0;0;0;0;0;0;0;0;0;1;0;1;0;0;0;0;0;0;SPY201233;12;5;6;4;0,3;19,8627973;0;0;0;3,358333333;3;0;5,512462027;46,3575;0;0;3,646236119;0,386509038;0,013005474;0,598882;0,27525379;0;9;0,00892257;0,066984312;0;0;0;03/06/2020;France;Corse;Calvi;Y;outside;;5;;;00:30;30;42,5849717;8,80077;;;42,59293;8,80990167;42 35.0983;8 48.0462;;;42 35.5758;8 48.5941;0,2;;coastal;surface transect;1;eRef;;;;SPY201233_Calvi;5;Biocenose de l herbier a Posidonia oceanica;0;0;0;0;75,35548519;100;-29,07437325;-7,817899413;18,4529686;0;0,008717829;0,071229689;0;0,011095929;0,080394171;0;0;0;0;0,022689555;0,178634554;0;0;0;0;0;0;0;0,000000156;0,000152207;0;0,01985883;0,202979445;0,10020458;0,500545849;0,715748549;0;0,005763019;0,074899629;0;0;0;0;0,061697733;0,52077055;0,000109362;0,002726415;0,007690394;96,05274753;3203,289967;0,138845935;0,13886553;0,125558302;0,0607305;19,59784508;19,54849243;19,10198593;18,5785895;3,505596253;1,982509792
SPY201234;0;0;0;0;0;0;1;0;0;0;0;0;0;0;0;1;0;0;0;0;0;0;1;1;0;0;1;0;1;0;1;0;0;0;0;0;1;0;1;1;0;1;1;1;0;0;0;1;0;1;0;0;0;1;1;1;0;0;0;0;0;0;0;0;0;1;0;1;1;0;0;1;1;0;0;0;0;0;0;0;0;0;0;0;1;1;0;0;1;1;0;1;0;1;0;0;1;1;1;0;0;1;0;0;0;0;0;0;0;0;0;0;1;1;0;0;1;0;1;0;0;1;0;0;0;0;1;0;1;0;0;1;0;1;1;1;0;0;0;1;1;0;0;0;1;1;0;0;0;0;1;1;1;1;0;1;1;0;0;SPY201234;54;16;40;15;0,486486486;19,02001218;0;5,5;3;3,507407407;16;5;20,06411104;48,15;1;0;7,907232911;0,427379148;0,222943745;0,627223;0,196142894;4;38;0,012578953;0,028616468;1;1;0;03/06/2020;France;Corse;Calvi;Y;outside;;5;;;00:30;30;42,5926067;8,810375;;;42,5845467;8,80120667;42 35.5564;8 48.6225;;;42 35.0728;8 48.0724;0,2;;coastal;surface transect;1;eRef;;;;SPY201234_Calvi;5;Biocenose de l herbier a Posidonia oceanica;0;0;0;0;75,40167806;100;-28,08312988;-6,076106807;24,87167168;0;0,009440231;0,071229689;0;0,012082036;0,080394171;0;0;0;0;0,026209202;0,181213573;0;0;0;0;0;0;0;0;0;0;0,017748098;0,183233261;0,10020458;0,513214694;0,715334296;0;0,006634221;0,075986177;0;0;0;0;0,072564608;0,561176777;0,000109362;0,00245286;0,006775995;57,41085786;3203,289967;0,138845935;0,13886553;0,125558302;0,0607305;19,58382607;19,55463409;19,10230064;18,5785895;3,505596253;1,758994036
SPY201235;0;0;0;0;0;0;1;0;0;0;0;0;0;0;0;1;0;0;0;0;0;0;0;1;0;0;1;0;1;0;1;0;0;0;0;0;1;0;1;1;0;1;1;1;0;0;0;1;0;0;0;0;0;1;1;0;0;0;0;0;0;0;0;0;0;0;0;1;0;0;0;1;1;0;0;0;0;0;0;0;0;0;0;0;1;1;0;0;0;0;0;1;0;1;0;0;0;1;1;0;0;0;0;0;0;0;0;0;0;0;0;0;1;0;0;0;1;0;1;0;0;1;0;0;0;0;1;0;1;0;0;1;0;0;0;1;0;0;0;1;1;0;0;0;1;1;0;0;0;0;1;1;1;1;0;0;1;0;0;SPY201235;41;12;28;12;0,3125;18,87966853;0;2,5;2;3,497560976;13;4;14,84311275;50,86307692;1;0;7,301308807;0,406200022;0,137746029;0,611639;0,208211939;3;28;0,022227395;0,040480464;1;1;0;04/06/2020;France;Corse;Calvi;Y;outside;;10;;;00:30;30;42,6074283;8,84092167;;;42,60953;8,86001667;42 36.4457;8 50.4553;;;42 36.5718;8 51.6010;0,2;;coastal;surface transect;1;eRef;;;;SPY201235_Calvi;6;Biocenose de l herbier a Posidonia oceanica;0;0;0;0;84,56335076;100;-30,81640816;8,207048861;111,8337173;0,049536668;0,410384643;0,824803829;0,095086649;0,437941812;1;0;0;0;0;0;0;0;0,035149445;0,498539835;0;0;0;0;0;0;0;0,150655811;0,667433083;0,022445038;0,424305609;0,745222092;0;0,146709299;0,500972509;0;0,020869538;0,277168125;0;0,083071896;0,498539835;0,0000385;0,00246801;0,004244878;95,47819099;3203,289967;0,078457765;0,13886553;0,125558302;0,062885;19,88371494;18,61544471;18,1820019;18,634653;3,505596253;1,979904182
SPY201238;0;0;0;0;0;0;0;0;0;0;0;0;0;0;0;1;0;0;0;0;0;0;0;1;0;0;1;0;0;0;1;0;0;0;0;0;0;0;0;1;0;0;0;0;0;0;0;0;0;0;0;0;0;0;0;0;0;0;0;0;0;0;0;0;0;0;0;0;0;0;0;0;0;0;0;0;0;0;0;0;0;0;0;0;0;0;0;0;0;0;0;1;0;0;0;0;0;0;0;0;0;0;0;0;0;0;0;0;0;0;0;0;0;0;0;0;1;0;0;0;0;0;0;0;0;1;0;0;0;0;0;0;0;0;0;1;0;0;0;1;0;0;0;0;0;0;0;0;0;0;0;0;1;0;0;0;0;0;0;SPY201238;11;7;8;1;1,4;19,4280472;0;0;0;3,3;2;1;5,374323548;42,992;0;0;5,845052494;0,454185655;0,020012396;0,775493;0,442725043;0;9;-0,074173458;0,089095848;0;0;0;03/06/2020;France;Corse;Calvi;Y;reserve;Cantonnement de peche de Calvi;0;;;00:30;30;42,57737;8,70937667;;;42,58454;8,72482;42 34.6422;8 42.5626;;;42 35.0724;8 43.4892;0,2;;coastal;surface transect;1;eRef;;;;SPY201238_Calvi;6;Fonds meubles circalittoraux;0;0;0;0;54,34532428;100;-64,61566162;-30,30897913;0;0;0;0;0;0,068107816;1;0;0;0;0;0;0;0;0;0;0;0;0;0;0,000000809;0,000456621;0;0,003960281;0,227789834;0;0,129279646;0,71158874;0;0,006045438;0,166714013;0;0,000311594;0,033245567;0;0,043716034;0,62640363;0,003667294;0,094550235;0,205028728;41,18681623;11605,30625;0,14318046;0,137550116;0,117556669;0,05931;19,6664238;18,77373886;18,32552528;18,5478675;4,064656605;1,614758222
SPY201242;0;0;0;0;0;0;1;0;0;0;0;0;1;0;0;1;0;0;0;0;0;0;1;1;0;0;1;0;1;0;1;0;0;0;0;0;0;0;1;1;0;1;1;1;0;0;0;0;1;1;0;0;0;1;1;0;0;0;0;0;0;0;0;0;0;0;0;1;1;0;0;1;1;0;0;0;0;0;0;0;0;0;0;1;1;1;0;0;0;0;0;1;0;1;0;1;0;1;1;0;0;0;0;0;0;0;1;0;0;0;0;0;0;0;0;1;1;0;1;0;1;1;0;0;0;0;0;0;1;0;0;1;0;0;1;0;0;0;0;1;1;0;0;0;1;1;0;0;0;0;0;1;1;0;0;0;1;0;0;SPY201242;45;12;32;11;0,483870968;18,78651778;0;2,5;2;3,517777778;14;6;18,61360948;46,47666667;1;1;8,04520867;0,429094136;0,198961127;0,612283;0,225715166;4;31;-0,000573495;0,035811198;1;1;1;21/05/2020;France;PACA;cap_roux;Y;outside;;10;;;00:30;30;43,4147929;6,81495333;;;43,4177217;6,82883667;43 24.887574;6 48.8972;;;43 25.0633;6 49.7302;0,2;;coastal;surface transect;1;eRef;;;;SPY201242_cap_roux;7;Biocenose de l herbier a Posidonia oceanica;0;0;0;0;85,36742333;100;-39,12968063;-1,615110024;47,26109314;0;0,043747087;0,196342945;0;0,416736859;1;0;0;0;0;0,021327204;0,132959142;0;0,030083473;0,501598001;0;0;0;0;0;0;0;0,000281888;0,124113083;0,046516906;0,363461004;0,739387751;0,473535836;0,804458818;1;0;0,016367994;0,123107493;0,239434198;0,657781043;1;0,0000727;0,004176673;0,019554595;79,69104521;5649,086025;0,397011876;0,270111531;0,271054149;0,076060667;18,77776337;18,44192505;17,0536499;18,42109867;3,751978188;1,901409523
SPY201264;0;0;0;0;0;0;1;0;0;0;0;0;0;0;0;1;0;0;0;0;1;0;0;0;0;0;1;0;0;0;1;0;0;0;0;0;0;0;0;0;0;0;1;1;0;0;0;1;0;0;0;0;0;0;0;0;0;0;0;0;0;0;0;0;0;0;0;0;0;0;0;1;0;0;0;0;0;0;0;0;0;0;0;0;0;1;0;0;0;0;0;1;0;0;0;0;0;0;0;0;0;0;0;0;0;0;0;0;0;0;0;0;0;0;0;0;1;0;1;0;0;0;0;0;0;0;1;0;1;0;0;0;0;0;0;0;0;0;0;1;1;0;0;0;0;0;0;0;0;0;0;0;0;0;0;0;0;0;0;SPY201264;17;9;12;2;0,5;19,87349859;0;1,5;0;3,535294118;6;1;8,597852671;41,57125;0;0;4,669013907;0,404541726;0,031180231;0,749824;0,258144785;2;11;-0,011787735;0,060769818;1;0;0;03/06/2020;France;Corse;Calvi;Y;reserve;Cantonnement de peche de Calvi;0;;;00:30;30;42,57737;8,70937667;;;42,58454;8,72482;42 34.6422;8 42.5626;;;42 35.0724;8 43.4892;0,2;;coastal;surface transect;1;eRef;;;;SPY201264_Calvi;6;Fonds meubles circalittoraux;0;0;0;0;54,34532428;100;-64,61566162;-30,30897913;0;0;0;0;0;0,068107816;1;0;0;0;0;0;0;0;0;0;0;0;0;0;0,000000809;0,000456621;0;0,003960281;0,227789834;0;0,129279646;0,71158874;0;0,006045438;0,166714013;0;0,000311594;0,033245567;0;0,043716034;0,62640363;0,003667294;0,094550235;0,205028728;41,18681623;755,9081573;0,14318046;0,137550116;0,117556669;0,05931;19,6664238;18,77373886;18,32552528;18,5478675;2,878469032;1,614758222
SPY201284;0;0;0;0;0;0;1;0;0;0;0;0;0;0;0;0;0;0;0;0;0;0;0;0;0;0;1;0;0;0;1;0;0;0;0;0;0;0;0;0;0;0;1;0;0;0;0;0;0;0;0;0;0;0;0;0;0;0;0;0;0;0;0;0;0;0;0;0;1;0;0;1;0;0;0;0;0;0;0;0;0;0;0;0;1;0;0;0;0;0;0;1;0;0;0;0;0;0;0;0;0;0;0;0;0;0;0;0;0;0;0;0;0;0;0;0;1;0;0;0;0;0;0;0;0;0;0;0;1;0;0;0;0;0;0;1;0;0;0;1;0;0;0;0;0;0;0;0;0;0;0;0;0;0;0;0;0;0;0;SPY201284;12;6;7;3;0,444444444;19,01637231;0;0;0;3,475;3;1;7,378757879;38,115;0;0;4,269657721;0,415512343;0,017076501;0,786442;0,355972229;0;9;-0,008808514;0,068230531;0;0;0;03/06/2020;France;Corse;Calvi;Y;outside;;5;;;00:30;30;42,5849717;8,80077;;;42,59293;8,80990167;42 35.0983;8 48.0462;;;42 35.5758;8 48.5941;0,2;;coastal;surface transect;1;eRef;;;;SPY201284_Calvi;5;Biocenose de l herbier a Posidonia oceanica;0;0;0;0;75,35548519;100;-29,07437325;-7,817899413;18,4529686;0;0,008717829;0,071229689;0;0,011095929;0,080394171;0;0;0;0;0,022689555;0,178634554;0;0;0;0;0;0;0;0,000000156;0,000152207;0;0,01985883;0,202979445;0,10020458;0,500545849;0,715748549;0;0,005763019;0,074899629;0;0;0;0;0,061697733;0,52077055;0,000109362;0,002726415;0,007690394;96,05274753;10465,80652;0,138845935;0,13886553;0,125558302;0,0607305;19,59784508;19,54849243;19,10198593;18,5785895;4,019772702;1,982509792
SPY201290;0;0;0;0;0;0;1;0;0;0;0;0;1;0;0;1;0;0;0;0;0;0;1;1;0;0;1;0;1;0;1;0;0;0;0;1;1;0;1;1;0;1;1;1;0;0;0;0;1;1;0;0;0;0;1;0;1;1;0;0;0;0;0;0;0;0;0;1;0;0;0;1;1;0;0;0;0;0;0;0;0;0;0;0;1;1;0;0;0;0;0;1;0;1;0;0;0;1;1;0;0;0;0;0;0;0;0;0;0;0;0;0;1;0;0;0;1;0;1;0;0;1;0;0;0;0;1;0;1;0;0;1;0;0;0;1;0;0;0;1;1;0;0;0;1;0;0;0;0;0;1;1;1;0;0;0;1;0;0;SPY201290;44;11;30;13;0,40625;18,64352339;0;1,5;2;3,468181818;12;4;16,68377596;48,78117647;0;0;7,708209683;0,43099988;0,249484887;0,600062;0,220225158;2;32;0,014475219;0,040223955;1;1;0;04/06/2020;France;Corse;Calvi;Y;outside;;10;;;00:30;30;42,6074283;8,84092167;;;42,60953;8,86001667;42 36.4457;8 50.4553;;;42 36.5718;8 51.6010;0,2;;coastal;surface transect;1;eRef;;;;SPY201290_Calvi;6;Biocenose de l herbier a Posidonia oceanica;0;0;0;0;84,56335076;100;-30,81640816;8,207048861;111,8337173;0,049536668;0,410384643;0,824803829;0,095086649;0,437941812;1;0;0;0;0;0;0;0;0,035149445;0,498539835;0;0;0;0;0;0;0;0,150655811;0,667433083;0,022445038;0,424305609;0,745222092;0;0,146709299;0,500972509;0;0,020869538;0,277168125;0;0,083071896;0,498539835;0,0000385;0,00246801;0,004244878;95,47819099;11829,4185;0,078457765;0,13886553;0,125558302;0,062885;19,88371494;18,61544471;18,1820019;18,634653;4,072963396;1,979904182